"Order","Symbol","Name","Current Price","Price $ Chg","Price % Chg","% Off High","Vol % Chg vs 50-Day","50-Day Avg Vol (1000s)","50-Day Avg $ Vol (1000s)","Market Cap (mil)","Comp Rating","EPS Rating","RS Rating","A/D Rating","SMR Rating","Ind Group Rank","Industry Name","IPO Date"
"1","SMCI","Super Micro Computer","860.01","-115.51","-11.8","-20.21","97.1","9835","8178867","48102.9","99","94","99","A+","A","1","Computer-Hardware/Perip","2007-03-29"
"2","DECK","Deckers Outdoor","880.48","-3.58","-0.4","-2.57","-32.6","341","302092","22600.2","99","99","96","B+","A","2","Apparel-Shoes & Rel Mfg","1993-10-15"
"3","BIRK","Birkenstock Holding","52","0.7","1.4","-5.45","-50.4","834","43342","9501.5","94","60","87","C+","B","2","Apparel-Shoes & Rel Mfg","2023-10-11"
"4","CROX","Crocs","118.31","1.02","0.9","-21.81","-45.7","1643","193886","7157.5","93","90","77","B","A","2","Apparel-Shoes & Rel Mfg","2006-02-08"
"5","ONON","On Holding","32.2","-0.06","-0.2","-13.16","-40.7","5057","162651","10243.8","93","41","84","B+","A","2","Apparel-Shoes & Rel Mfg","2021-09-15"
"6","NVDA","NVIDIA","788.17","2.79","0.4","0.31","75.6","47241","36730771","1946779.9","99","99","98","B","A","3","Elec-Semicondctor Fablss","1999-01-22"
"7","AMD","Advanced Micro Devices","176.52","-5.34","-2.9","-4.54","-8.8","75893","13500796","285218.5","99","92","96","B+","C","3","Elec-Semicondctor Fablss","1972-09-27"
"8","ARM","Arm Holdings ADR","133.34","4.81","3.7","-18.7","25.2","16231","2130466","136704.7","99","99","98","A+","A","3","Elec-Semicondctor Fablss","2023-09-14"
"9","QCOM","Qualcomm","154.91","0.16","0.1","-1.94","-34.2","9049","1417519","172879.6","98","88","89","A-","B","3","Elec-Semicondctor Fablss","1991-12-13"
"10","AVGO","Broadcom","1296.37","-8.53","-0.7","-1.11","-27.3","3180","4325597","606882.7","96","88","96","A-","A","3","Elec-Semicondctor Fablss","2009-08-06"
"11","MPWR","Monolithic Power Systems","721.13","-20.17","-2.7","-5.3","5.2","536","384795","34550.8","95","83","92","B+","A","3","Elec-Semicondctor Fablss","2004-11-19"
"12","MRVL","Marvell Technology","67.58","-2.29","-3.3","-8.09","-27.4","11770","802661","58422.9","90","57","86","A","B","3","Elec-Semicondctor Fablss","2000-06-27"
"13","NBIX","Neurocrine Biosciences","134.18","0.81","0.6","-6.4","-33.6","816","109222","13351.8","99","93","88","B","A","4","Medical-Biomed/Biotech","1996-05-23"
"14","ALKS","Alkermes","29.57","0.66","2.3","-10.07","-24","2456","72878","4934.7","98","96","78","B","A","4","Medical-Biomed/Biotech","1991-07-15"
"15","CRSP","CRISPR Therapeutics","83.99","-2.2","-2.6","-7.8","-14.4","2391","212267","6671.5","97","68","93","A+","C","4","Medical-Biomed/Biotech","2016-10-19"
"16","VRTX","Vertex Pharmaceuticals","430.11","3.33","0.8","-4.08","-52.6","1581","684649","111100.4","96","91","88","C+","A","4","Medical-Biomed/Biotech","1991-07-24"
"17","ALPN","Alpine Immune Sciences","33.92","0.81","2.4","1.31","-24.3","1037","35219","1970.7","96","53","99","A+","E","4","Medical-Biomed/Biotech","2015-06-17"
"18","SRPT","Sarepta Therapeutics","136.53","1.75","1.3","-14.61","-53.8","1234","170293","12771.8","94","67","90","A","D","4","Medical-Biomed/Biotech","1997-06-04"
"19","REGN","Regeneron Pharmaceuticals","981.2","16.31","1.7","0.74","-24.8","584","573609","106897.8","91","77","86","B-","A","4","Medical-Biomed/Biotech","1991-04-02"
"20","VCEL","Vericel","47.32","-0.99","-2","-5.53","-53","604","28586","2258.3","91","50","93","A-","D","4","Medical-Biomed/Biotech","1997-02-04"
"21","KYMR","Kymera Therapeutics","41.84","1.35","3.3","-1.97","-26","946","40179","2414.2","90","33","97","A+","D","4","Medical-Biomed/Biotech","2020-08-21"
"22","ABVX","Abivax ADR","14.48","1.68","13.1","3.21","12.4","147","2096","954.5","58","2","96","C-","E","4","Medical-Biomed/Biotech","2023-10-20"
"23","ACMR","ACM Research Cl A","20.49","-0.09","-0.4","-8.81","2.3","1172","24036","1241.8","99","99","94","B","A","6","Elec-Semiconductor Equip","2017-11-03"
"24","VECO","Veeco Instruments","35.05","0.02","0.1","-3.59","-47.9","547","19182","1975.6","99","97","91","A-","B","6","Elec-Semiconductor Equip","1994-11-28"
"25","ASML","ASML Holding","933.25","-18.6","-2","-2.73","-28.1","1222","1154523","369753.7","98","96","92","A+","A","6","Elec-Semiconductor Equip","1995-03-15"
"26","AMAT","Applied Materials","197.16","-2.57","-1.3","-4.65","-20.6","6433","1275743","163736.6","97","87","93","A","A","6","Elec-Semiconductor Equip","1972-10-05"
"27","KLAC","KLA","668.82","-14.95","-2.2","-2.74","-39","979","662131","90446.5","93","78","92","B","B","6","Elec-Semiconductor Equip","1980-10-08"
"28","LRCX","Lam Research","928.5","-15.86","-1.7","-2.88","-36.2","1076","1015964","121729.1","91","64","94","A-","B","6","Elec-Semiconductor Equip","1984-05-04"
"29","ENTG","Entegris","132.54","-2.64","-2","-5.4","11.5","1425","189200","19933.5","91","64","91","B+","B","6","Elec-Semiconductor Equip","2000-07-11"
"30","ONTO","Onto Innovation","178.46","0.31","0.2","-4.25","-34.9","430","76934","8758.8","91","68","96","B-","C","6","Elec-Semiconductor Equip","1984-11-28"
"31","MDB","MongoDB","451.52","1.54","0.3","-11.4","-42.1","1384","644951","32589.4","99","82","94","A-","B","7","Computer Sftwr-Database","2017-10-19"
"32","CFLT","Confluent","33.18","-0.66","-2","-19.51","4.4","5517","181434","10215.3","99","81","92","A","C","7","Computer Sftwr-Database","2021-06-24"
"33","ESTC","Elastic","129.62","2.06","1.6","-2.97","-17.8","1256","164124","12914","99","81","98","A-","B","7","Computer Sftwr-Database","2018-10-05"
"34","CVLT","Commvault Systems","94.73","0.85","0.9","-1.45","-27.7","309","29262","4136","98","95","92","A","A","7","Computer Sftwr-Database","2006-09-22"
"35","AYX","Alteryx Cl A","48","-0.06","-0.1","-31.73","-58.3","2615","126187","3469","96","81","86","A-","A","7","Computer Sftwr-Database","2017-03-24"
"36","VRNS","Varonis Systems","49.01","-0.01","0","-6.29","-18.6","1339","65952","5347.1","95","76","95","A-","B","7","Computer Sftwr-Database","2014-02-28"
"37","COIN","Coinbase Global","165.98","-4.93","-2.9","-14.28","-48.8","14051","2348832","40212.8","99","76","98","A-","D","8","Computer Sftwr-Financial","2021-04-14"
"38","INTU","Intuit","659.81","1.89","0.3","-1.26","38.1","1260","830041","184704.6","98","97","91","C+","A","8","Computer Sftwr-Financial","1993-03-11"
"39","PEGA","Pegasystems","63.72","-0.98","-1.5","-8","18.1","475","29865","5346.4","98","81","89","B+","A","8","Computer Sftwr-Financial","1996-07-19"
"40","GWRE","Guidewire Software","120.28","1.93","1.6","-0.36","-50.8","742","91112","9854.5","97","74","93","B","C","8","Computer Sftwr-Financial","2012-01-25"
"41","ALKT","Alkami Technology","25.64","0.23","0.9","-4.14","-36.3","325","8476","2445.1","94","72","93","B","C","8","Computer Sftwr-Financial","2021-04-14"
"42","SSNC","SS&C Technologies","64.9","0.36","0.6","-0.05","0.5","963","62576","16063.7","92","77","75","B+","A","8","Computer Sftwr-Financial","1996-05-31"
"43","FICO","Fair Isaac","1282.33","-5.93","-0.5","-4.04","-31.7","180","231845","31868.5","91","95","94","C+","-","8","Computer Sftwr-Financial","1987-07-22"
"44","AZEK","AZEK","46.89","0.4","0.9","0.86","22.5","1558","72688","6837.8","99","97","96","A","B","9","Bldg-Constr Prds/Misc","2020-06-12"
"45","TREX","Trex Co","93.81","0.29","0.3","0.09","-17","839","78669","10187.3","97","90","95","B","B","9","Bldg-Constr Prds/Misc","1999-04-08"
"46","GFF","Griffon","68.5","0.98","1.5","-1.31","-55.4","469","32277","3489.8","97","96","97","B+","B","9","Bldg-Constr Prds/Misc","-"
"47","BLD","TopBuild","411.34","6.36","1.6","1.52","11.5","252","103287","13069.5","96","97","96","B+","A","9","Bldg-Constr Prds/Misc","-"
"48","WMS","Advanced Drainage Systems","163.43","-0.14","-0.1","-1.47","-44.4","509","83300","12684.8","96","95","95","A-","B","9","Bldg-Constr Prds/Misc","2014-07-25"
"49","SSD","Simpson Manufacturing","199.96","4.74","2.4","-1.08","-8.6","221","44111","8532.7","96","92","94","B","A","9","Bldg-Constr Prds/Misc","1994-05-25"
"50","CNM","Core & Main","46.57","0.31","0.7","0.37","-40.2","3163","147729","9374.2","95","83","95","A","B","9","Bldg-Constr Prds/Misc","2021-07-23"
"51","AWI","Armstrong Wrld Ind","122.37","1.72","1.4","1.16","-34","542","66875","5406.3","95","84","96","A+","A","9","Bldg-Constr Prds/Misc","-"
"52","PGTI","PGT Innovations","41.79","0.23","0.6","-0.42","220.7","1225","48192","2384.1","95","84","95","A-","B","9","Bldg-Constr Prds/Misc","2006-06-28"
"53","BLDR","Builders FirstSource","188.67","0.3","0.2","-3.09","-30","1845","347473","23271.7","93","89","96","B-","C","9","Bldg-Constr Prds/Misc","2005-06-22"
"54","FERG","Ferguson","207.56","0.32","0.2","0.04","13.7","945","198074","42236.2","93","81","90","B+","B","9","Bldg-Constr Prds/Misc","-"
"55","OC","Owens Corning","147.37","2.74","1.9","-8","-23.1","745","110306","12822.1","93","96","84","D","B","9","Bldg-Constr Prds/Misc","-"
"56","DOOR","Masonite International","130","0.05","0","-0.61","10.4","655","83564","2847.7","91","71","93","A-","C","9","Bldg-Constr Prds/Misc","-"
"57","CRWD","CrowdStrike Holdings","311.49","0.58","0.2","-7.97","-8.3","3234","1006330","74802.5","99","99","98","B-","A","10","Computer Sftwr-Security","2019-06-12"
"58","ZS","Zscaler","235.23","9.08","4","-9.39","62.1","1984","462556","34892.4","99","99","95","B-","A","10","Computer Sftwr-Security","2018-03-16"
"59","CYBR","CyberArk Software","255.91","4.62","1.8","-9.57","-11.1","687","175247","10449.8","99","82","95","B-","B","10","Computer Sftwr-Security","2014-09-24"
"60","FTNT","Fortinet","67.64","0.68","1","-16.74","-46.4","7039","477998","51941.4","97","98","78","B+","A","10","Computer Sftwr-Security","2009-11-18"
"61","NICE","NICE ADR","238.2","-7.3","-3","-5.85","101.2","352","82107","15107.1","97","94","84","B+","A","10","Computer Sftwr-Security","1996-01-24"
"62","S","SentinelOne","27.22","0.87","3.3","-11.51","-29.6","6044","166673","8129.9","91","62","95","B","C","10","Computer Sftwr-Security","2021-06-30"
"63","FOUR","Shift4 Payments","75.01","1.83","2.5","-5.29","27.7","988","73164","6183.4","99","82","84","B","A","11","Finance-CrdtCard/PmtPr","2020-06-05"
"64","MA","Mastercard","473.42","1.86","0.4","-0.16","-31.1","2561","1216878","441649.3","98","94","84","B","A","11","Finance-CrdtCard/PmtPr","2006-05-25"
"65","AXP","American Express","214.56","0.57","0.3","-0.46","-23.1","3401","730748","155313.3","98","93","89","A-","A","11","Finance-CrdtCard/PmtPr","-"
"66","KSPI","Kaspi.kz ADR","103.47","3.33","3.3","0.56","-37.6","230","23529","19583.6","98","99","70","-","A","11","Finance-CrdtCard/PmtPr","2024-01-19"
"67","V","Visa Cl A","283.6","-0.15","-0.1","-0.16","-9.4","5635","1606026","528017.8","96","92","81","C+","A","11","Finance-CrdtCard/PmtPr","2008-03-19"
"68","NFLX","Netflix","583.56","-4.91","-0.8","-2.25","-49.8","5119","3015196","252540.8","99","98","93","A","A","12","Leisure-Movies & Related","2002-05-23"
"69","GCT","GigaCloud Technology","32.31","-2.6","-7.4","-10.72","-3.6","2793","89712","1314.5","99","99","99","B+","A","13","Computer-Tech Services","2022-08-18"
"70","GTLB","GitLab Cl A","69.94","0.33","0.5","-10.94","-36.1","2261","159743","10889.7","95","81","96","B-","C","13","Computer-Tech Services","2021-10-14"
"71","CDW","CDW Corp.","247.11","0.17","0.1","-0.39","-51","946","237077","33102.9","92","85","84","B+","C","13","Computer-Tech Services","2013-06-27"
"72","IBM","IBM","185.72","1.51","0.8","-5.68","-32.8","5107","958445","169584.3","91","65","89","B+","A","13","Computer-Tech Services","-"
"73","EPAM","EPAM Systems","301.8","-2.73","-0.9","-4.61","-45.8","507","154521","17413.9","91","81","75","A","B","13","Computer-Tech Services","2012-02-08"
"74","ACN","Accenture Cl A","377.32","6.01","1.6","0.42","-23.9","2121","801805","251607.9","90","78","84","B-","B","13","Computer-Tech Services","2001-07-19"
"75","KEX","Kirby Corp","87.92","1.25","1.4","0.46","-22.5","393","34570","5196.1","94","79","75","B+","B","14","Transportation-Ship","-"
"76","RL","Ralph Lauren Cl A","188.44","1.31","0.7","0.3","-9.7","918","172441","7357.5","98","79","95","A+","B","15","Apparel-Clothing Mfg","1997-06-11"
"77","TPR","Tapestry","48.55","0.75","1.6","1.3","-9.1","3868","187335","11135.7","95","92","92","B+","A","15","Apparel-Clothing Mfg","2000-10-05"
"78","JL","J-Long Group","19.69","1.67","9.3","-1.55","-70.9","222","4532","618.3","93","72","99","-","A","15","Apparel-Clothing Mfg","2024-01-24"
"79","META","Meta Platforms","484.03","-2.1","-0.4","-1.22","-5.9","19522","9521499","1233988.5","99","96","97","B+","A","16","Internet-Content","2012-05-18"
"80","GOOG","Alphabet Cl C","145.29","-0.03","0","-6.39","-33.7","21885","3208787","1806390.6","96","98","82","C","A","16","Internet-Content","-"
"81","PINS","Pinterest","35.86","-0.13","-0.4","-13.8","-27.2","10435","375791","24348.3","96","98","89","C+","A","16","Internet-Content","2019-04-18"
"82","GOOGL","Alphabet Cl A","143.96","-0.13","-0.1","-6.39","-32.5","28878","4190877","1789854.7","94","98","82","D","A","16","Internet-Content","2004-08-19"
"83","ENSG","Ensign Group","124.25","0.55","0.4","0.44","1.1","273","33746","7040.6","98","95","86","B","A","17","Medical-Long-term Care","2007-11-09"
"84","DFH","Dream Finders Homes","35.4","0.99","2.9","-4.32","-14.1","381","13494","3296","99","96","97","B+","A","18","Bldg-Resident/Comml","2021-01-21"
"85","TOL","Toll Brothers","111.3","1.45","1.3","-0.32","-4.1","1516","169142","11607.3","96","90","95","B","B","18","Bldg-Resident/Comml","1986-07-08"
"86","LEN","Lennar Cl A","155.08","1.52","1","-2.07","-43.7","2171","338787","43549.6","95","81","91","B","B","18","Bldg-Resident/Comml","1971-02-18"
"87","TMHC","Taylor Morrison Home","56.48","0.55","1","-1.52","-22.6","858","48900","6068.7","90","69","90","A-","C","18","Bldg-Resident/Comml","2013-04-10"
"88","SDHC","Smith Douglas Homes","28.66","0.46","1.6","-1.07","-52.2","318","9300","1502.8","74","25","88","-","B","18","Bldg-Resident/Comml","2024-01-11"
"89","ANF","Abercrombie & Fitch","122.82","1.6","1.3","-0.05","-31.8","1424","176025","6190.7","99","81","99","A-","C","20","Retail-Apparel/Shoes/Acc","1996-09-26"
"90","URBN","Urban Outfitters","44.8","0.68","1.5","1.31","4.4","1665","74408","4156.7","99","99","93","B+","B","20","Retail-Apparel/Shoes/Acc","1993-11-08"
"91","ROST","Ross Stores","148.03","1.13","0.8","0.76","-16.2","1887","280975","49836.7","98","86","86","B","A","20","Retail-Apparel/Shoes/Acc","1985-08-08"
"92","TJX","TJX Cos","99.38","0.27","0.3","-0.07","-2","4675","465297","113261","96","91","80","B","A","20","Retail-Apparel/Shoes/Acc","-"
"93","BURL","Burlington Stores","199.4","-2.85","-1.4","-12.16","-33.2","872","175073","12866.3","96","81","75","B+","A","20","Retail-Apparel/Shoes/Acc","2013-10-02"
"94","AEO","American Eagle Outfitters","23.32","0.35","1.5","0.65","-40","4043","94816","4606.6","95","81","96","B+","B","20","Retail-Apparel/Shoes/Acc","1994-04-13"
"95","BOOT","Boot Barn Holdings","89.02","0.27","0.3","-15.15","-49.2","965","86607","2697.3","90","84","80","B","A","20","Retail-Apparel/Shoes/Acc","2014-10-30"
"96","REVG","REV Group","19.97","0.52","2.7","-3.39","12.8","637","12547","1034.4","98","95","97","A","B","21","Bldg-Mobile/Mfg & Rv","2017-01-27"
"97","TPX","Tempur Sealy","51.92","1.2","2.4","-3.14","22.7","1777","92807","9013.5","91","81","88","B","A","22","Hsehold/Office Furniture","2003-12-18"
"98","AXON","Axon Enterprise","270.63","-0.91","-0.3","-1.51","-39.2","369","100539","20279.1","99","99","89","C+","A","23","Security/Sfty","-"
"99","FSS","Federal Signal","82.84","1.31","1.6","-0.23","-30.7","301","25199","5047.3","99","93","91","A-","A","23","Security/Sfty","-"
"100","JBI","Janus International","15.26","0.29","1.9","-3.78","-55.1","2090","31910","2240.6","97","86","94","B+","A","23","Security/Sfty","-"
"101","APG","APi Group","35.27","0.16","0.5","-0.87","-16.6","1374","48908","8308.2","95","89","90","B+","B","23","Security/Sfty","-"
"102","LECO","Lincoln Electric","250.03","1.5","0.6","-1.16","-30.2","298","74684","14301.5","99","95","91","A-","A","24","Machinery-Tools & Rel","-"
"103","XYL","Xylem","125.63","0.53","0.4","0.24","-43.2","1300","164889","30286.5","96","70","85","A-","A","24","Machinery-Tools & Rel","-"
"104","FAST","Fastenal","72.18","0.12","0.2","-0.58","-38.1","3946","287233","41303.7","91","83","87","B-","A","24","Machinery-Tools & Rel","1987-08-20"
"105","TXRH","Texas Roadhouse","148.9","-0.13","-0.1","-2.39","6.7","874","131210","9944","99","89","91","B+","A","25","Retail-Restaurants","2004-10-05"
"106","SHAK","Shake Shack Cl A","98.04","1.01","1","-1.81","-7","1012","102500","4147.3","99","81","95","A-","C","25","Retail-Restaurants","2015-01-30"
"107","CMG","Chipotle Mexican Grill","2646.72","19.35","0.7","-2.9","-26.1","214","573544","72575.7","98","97","91","A-","A","25","Retail-Restaurants","2006-01-26"
"108","FWRG","First Watch Restaurant","24.03","0.05","0.2","-2.7","-40","310","7475","1437.4","97","81","91","B-","C","25","Retail-Restaurants","2021-10-01"
"109","WING","Wingstop","338.83","4.78","1.4","-1.3","40","413","138852","9940.3","96","95","97","A","-","25","Retail-Restaurants","2015-06-12"
"110","KRUS","Kura Sushi USA","99.24","-0.45","-0.5","-9.78","-67.2","121","12176","1107.8","95","52","93","B+","C","25","Retail-Restaurants","2019-08-01"
"111","CAVA","CAVA Group","51","1","2","-12.22","-17.2","2255","115601","5794.2","90","81","89","A-","-","25","Retail-Restaurants","2023-06-15"
"112","URI","United Rentals","658.23","-0.57","-0.1","-2.29","-43.4","660","437064","44227.1","97","95","95","C","A","26","Comml Svcs-Leasing","1997-12-18"
"113","HEES","H&E Equipment Services","54.6","1.22","2.3","-4.36","-1.9","203","11094","1990.1","94","85","84","B","A","26","Comml Svcs-Leasing","2006-01-31"
"114","AER","AerCap Holdings","77.85","-0.72","-0.9","-3.42","102.1","1489","113590","15745.9","93","87","85","B-","A","26","Comml Svcs-Leasing","2006-11-21"
"115","WSC","WillScot Mobile Mini","48.28","0.06","0.1","-9.69","-15","1912","92731","9251.9","92","94","75","C","A","26","Comml Svcs-Leasing","-"
"116","PLTR","Palantir Technologies","22.97","-0.62","-2.6","-10.01","-30.7","70477","1619816","49982.5","99","93","96","A-","A","27","Computer Sftwr-Enterprse","2020-09-30"
"117","NOW","ServiceNow","770.97","1.76","0.2","-5.44","8.3","1197","919535","158048.9","99","99","92","B","A","27","Computer Sftwr-Enterprse","2012-06-29"
"118","DDOG","Datadog","129.51","-1.61","-1.2","-6.57","-22.6","4518","583079","42550.9","99","99","91","B","A","27","Computer Sftwr-Enterprse","2019-09-19"
"119","WDAY","Workday","305.88","-0.74","-0.2","-1","3.6","1412","434992","80446.4","99","99","92","B+","A","27","Computer Sftwr-Enterprse","2012-10-12"
"120","CRM","Salesforce","292.8","-0.85","-0.3","-0.83","-13","5074","1487716","283430.4","98","98","93","B+","B","27","Computer Sftwr-Enterprse","2004-06-23"
"121","MANH","Manhattan Associates","248.9","0.61","0.2","-3.87","-55.2","398","100456","15323.5","98","96","90","B","A","27","Computer Sftwr-Enterprse","1998-04-24"
"122","PCOR","Procore Technologies","73.8","-0.01","0","-6.25","-1.1","1298","95504","10589.7","98","81","84","B","C","27","Computer Sftwr-Enterprse","2021-05-20"
"123","NET","Cloudflare","98.45","-1.02","-1","-15.13","-31","4269","418412","33056.7","97","81","94","B+","A","27","Computer Sftwr-Enterprse","2019-09-13"
"124","FROG","JFrog","43.38","-0.42","-1","-11.12","-10.5","1333","57404","4611.6","97","81","96","B+","B","27","Computer Sftwr-Enterprse","2020-09-16"
"125","PSN","Parsons","79.27","-0.17","-0.2","-0.26","218","732","55124","8389.1","97","91","94","A+","B","27","Computer Sftwr-Enterprse","2019-05-08"
"126","SNOW","Snowflake","229.34","3.72","1.6","-3.53","-8.7","4960","1150552","75521.7","96","82","94","A-","C","27","Computer Sftwr-Enterprse","2020-09-16"
"127","MNDY","monday.com","207.9","0.29","0.1","-13.09","-5.5","890","184012","10090.6","96","82","85","B+","A","27","Computer Sftwr-Enterprse","2021-06-10"
"128","NTNX","Nutanix Cl A","58.76","0.42","0.7","-1.85","-24.8","2450","144361","14260.4","96","81","97","B+","-","27","Computer Sftwr-Enterprse","2016-09-30"
"129","INFA","Informatica","32.34","-0.26","-0.8","-10.17","-2.8","1183","38203","9415","96","96","96","B+","B","27","Computer Sftwr-Enterprse","2021-10-27"
"130","SAP","SAP ADR","184.22","2.53","1.4","1.26","-7.6","791","147099","215169","95","84","91","B","A","27","Computer Sftwr-Enterprse","-"
"131","IOT","Samsara","33.31","0.62","1.9","-9.75","-25.8","3084","103334","17993.9","92","81","95","C-","C","27","Computer Sftwr-Enterprse","2021-12-15"
"132","DOCN","DigitalOcean","37.51","-1.45","-3.7","-27.43","32.5","1089","40312","3405.8","91","82","84","B-","A","27","Computer Sftwr-Enterprse","2021-03-24"
"133","EME","EMCOR Group","269.72","10.52","4.1","4.03","181.9","317","81563","12688.7","99","97","92","A-","B","28","Bldg-Maintenance & Svc","-"
"134","IBP","Installed Bldg Products","234.09","11.04","4.9","-1.11","74.5","245","56251","6650.3","98","95","97","A-","A","28","Bldg-Maintenance & Svc","2014-02-13"
"135","AMZN","Amazon.com","174.99","0.41","0.2","-0.23","21.7","49061","8554473","1817687.8","97","82","93","A-","A","29","Retail-Internet","1997-05-15"
"136","MELI","MercadoLibre","1629.32","-188.66","-10.4","-10.72","393.3","376","564559","82376.8","91","50","84","B-","A","29","Retail-Internet","2007-08-10"
"137","DASH","DoorDash","121.76","0.35","0.3","-3.86","-33.4","4559","568960","48485.8","90","63","96","A-","C","29","Retail-Internet","2020-12-09"
"138","PH","Parker Hannifin","531.07","1.07","0.2","-0.84","-11.6","619","332184","68194.7","97","96","92","B","A","30","Machinery-Gen Industrial","-"
"139","IR","Ingersoll Rand","90.53","-0.26","-0.3","-1.94","-18.3","2526","228570","36646.2","97","93","92","A-","A","30","Machinery-Gen Industrial","2017-05-12"
"140","BMI","Badger Meter","156.57","0.5","0.3","-8.36","-30.4","192","30124","4594.7","94","96","65","C+","A","30","Machinery-Gen Industrial","-"
"141","SPXC","SPX Technologies","108.62","-2.81","-2.5","-3.98","282.7","229","23233","4958.3","94","87","91","B-","A","30","Machinery-Gen Industrial","-"
"142","FTV","Fortive","86.11","0.42","0.5","0.2","-57","1774","154955","30261.9","92","80","85","A-","B","30","Machinery-Gen Industrial","-"
"143","GGG","Graco","90.36","0.65","0.7","0.63","-31.3","646","58390","15251.7","92","90","78","B+","A","30","Machinery-Gen Industrial","-"
"144","ZWS","Zurn Elkay Water Solns","31.56","0.2","0.6","-7.04","-43","1186","37546","5428.2","92","71","81","A-","A","30","Machinery-Gen Industrial","2012-03-29"
"145","VNT","Vontier","42.62","0.01","0","-0.19","4.5","817","34863","6559.2","91","66","92","A+","B","30","Machinery-Gen Industrial","-"
"146","CRH","CRH","79.12","0.95","1.2","0.52","-24.3","3631","290631","58817.8","98","95","94","A","B","31","Bldg-Cement/Concrt/Ag","-"
"147","SUM","Summit Materials Cl A","42.24","0.44","1.1","-0.09","29.4","865","36364","7361.1","98","88","87","A-","B","31","Bldg-Cement/Concrt/Ag","2015-03-12"
"148","KNF","Knife River","72.33","0.19","0.3","-1.39","-25","419","30501","4091.4","97","82","96","B+","B","31","Bldg-Cement/Concrt/Ag","-"
"149","EXP","Eagle Materials","248.67","-0.84","-0.3","-1.44","-22.4","287","71219","8566.7","96","96","94","B+","A","31","Bldg-Cement/Concrt/Ag","1994-04-12"
"150","VMC","Vulcan Materials","257.23","0.29","0.1","-1.37","4.5","752","194054","34178.9","91","75","87","B","B","31","Bldg-Cement/Concrt/Ag","-"
"151","MMYT","MakeMyTrip","56.78","-1.78","-3","-7.94","-4.1","650","36878","6320.5","97","82","96","A","B","32","Leisure-Travel Booking","2010-08-12"
"152","TCOM","Trip.com Group ADR","47.34","2.67","6","4.5","154.7","3733","171560","30672","96","83","91","A","A","32","Leisure-Travel Booking","2003-12-09"
"153","TRIP","Tripadvisor","27.32","0.32","1.2","-3.12","-40","3208","88109","3767.4","95","78","95","A-","A","32","Leisure-Travel Booking","-"
"154","ABNB","Airbnb","152.66","-2.6","-1.7","-3.54","-6.4","5184","790534","98780.8","92","77","86","B","A","32","Leisure-Travel Booking","2020-12-10"
"155","PLMR","Palomar Holdings","75.74","0.46","0.6","-0.47","-32.4","164","12406","1873.1","98","97","91","B+","A","34","Insurance-Diversified","2019-04-17"
"156","MFC","Manulife Financial","24.3","0.04","0.2","-2.37","129.8","3366","79876","44444.7","97","89","88","B+","A","34","Insurance-Diversified","1999-09-24"
"157","HIG","Hartford Financial","95.88","1.36","1.4","-0.23","-0.4","1743","165661","28837.7","96","96","88","A","A","34","Insurance-Diversified","-"
"158","AIZ","Assurant","178.37","0.91","0.5","-0.58","-9.8","399","71615","9271.1","95","97","86","B-","A","34","Insurance-Diversified","2004-02-05"
"159","L","Loews Corp","75.19","0.28","0.4","-0.25","-42.7","844","63911","16707.3","92","97","81","C-","B","34","Insurance-Diversified","-"
"160","COST","Costco Wholesale","737.93","3.53","0.5","0.26","-44.9","2297","1708529","327440.2","95","93","91","B+","B","35","Retail-Major Disc Chains","1985-11-27"
"161","RBA","RB Global","76.73","8.33","12.2","-0.57","294","879","63187","13990.3","98","98","88","B+","A","36","Retail-Specialty","1998-03-10"
"162","ULTA","Ulta Beauty","549.78","5.72","1.1","-1.23","-35.7","578","322830","26697.9","96","79","87","A","A","36","Retail-Specialty","2007-10-25"
"163","PSTG","Pure Storage Cl A","40.57","-0.62","-1.5","-10.52","-20.6","4846","195263","12819","96","96","86","B-","A","37","Computer-Data Storage","2015-10-07"
"164","HWM","Howmet Aerospace","65.87","0.81","1.2","1.15","42.4","3055","197438","27026.7","99","87","92","A+","A","38","Aerospace/Defense","-"
"165","HEI","Heico Corp","199.17","-0.21","-0.1","-0.16","11.2","387","76800","27546.4","98","84","80","A","A","38","Aerospace/Defense","-"
"166","HEIA","Heico Cl A","161.37","-0.09","-0.1","-0.06","-25.6","366","59077","22318.4","98","84","81","A-","A","38","Aerospace/Defense","-"
"167","FTAI","FTAI Aviation","57.9","3.42","6.3","-3.47","145.8","735","42458","5803.8","97","82","97","A-","A","38","Aerospace/Defense","2015-05-15"
"168","ERJ","Embraer ADR","18.19","-0.11","-0.6","-9.61","-48.7","1004","18675","3340.6","97","73","84","B-","C","38","Aerospace/Defense","2000-07-21"
"169","TDG","TransDigm Group","1199.89","6.94","0.6","0.37","-24.3","216","258696","66721.1","96","91","92","A-","-","38","Aerospace/Defense","2006-03-15"
"170","HII","Huntington Ingalls Inds","288.14","0.85","0.3","-0.19","-37.3","289","84684","11407.5","94","82","88","A-","B","38","Aerospace/Defense","-"
"171","FLEX","Flex Ltd","28.15","0.16","0.6","-3","-40.4","6297","178082","11855.7","97","93","94","A+","C","39","Elec-Contract Mfg","1994-03-18"
"172","CLS","Celestica","40.43","-1.34","-3.2","-3.28","5.1","2069","83673","4827.3","97","97","98","A","B","39","Elec-Contract Mfg","1998-07-01"
"173","FN","Fabrinet","199.12","-1.72","-0.9","-13.06","1.5","438","86577","7229.6","92","89","92","B-","A","39","Elec-Contract Mfg","2010-06-25"
"174","GRMN","Garmin","135.51","1.57","1.2","-1.71","45.8","848","113299","25927.3","94","90","86","B+","A","40","Consumer Prod-Electronic","2000-12-08"
"175","IHG","InterContinental Htl ADR","111.69","1.56","1.4","1.12","119.9","166","18105","19434.1","94","91","95","A+","-","41","Leisure-Lodging","-"
"176","MAR","Marriott International","251.48","2.17","0.9","0.29","-1.4","1498","379810","72799.7","93","77","90","B","A","41","Leisure-Lodging","-"
"177","ANET","Arista Networks","267.66","-1.1","-0.4","-8.54","-18.2","2187","586710","83679.3","98","98","94","B+","A","42","Computer-Networking","2014-06-06"
"178","BLBD","Blue Bird","31.5","0.31","1","-7.2","-13.8","690","21867","1014.2","99","81","95","B+","A","44","Transportation-Equip Mfg","-"
"179","WAB","Wabtec","138.29","0.47","0.3","0.29","44.3","1056","143918","24481.2","93","89","88","B-","B","44","Transportation-Equip Mfg","1995-06-15"
"180","GSK","GSK ADR","42.22","0.06","0.1","-0.92","-9.2","3788","159291","85601.1","98","86","83","A-","A","45","Medical-Diversified","-"
"181","LLY","Eli Lilly","769.54","-0.1","0","-3.14","-26.7","3266","2563414","730529.7","97","65","96","A-","A","45","Medical-Diversified","-"
"182","SPOT","Spotify Technology","256.1","7.98","3.2","2.76","28.3","1943","493095","49909","94","71","96","B+","D","46","Computer Sftwr-Edu/Media","2018-04-03"
"183","POWL","Powell Industries","161.71","5.69","3.6","1.42","-27.9","257","42076","1935.2","99","82","99","A","A","47","Electrical-Power/Equipmt","1971-04-05"
"184","NVT","nVent Electric","66.17","0.54","0.8","-0.62","-12.6","1188","78332","10978.3","98","93","90","B-","A","47","Electrical-Power/Equipmt","-"
"185","VRT","Vertiv Holdings","62.7","-0.2","-0.3","-4.36","-6.5","6314","397837","23916.4","97","97","99","C","A","47","Electrical-Power/Equipmt","-"
"186","AME","Ametek","178.2","-0.01","0","-0.26","-0.6","970","175188","41128.2","93","90","80","A-","A","47","Electrical-Power/Equipmt","-"
"187","RRX","Regal Rexnord","168.47","1.88","1.1","0.55","-0.2","473","80545","11177.8","92","70","87","A","B","47","Electrical-Power/Equipmt","-"
"188","AGO","Assured Guaranty","84.93","-0.33","-0.4","-0.55","-24.1","282","24264","4862.8","99","91","92","A-","A","48","Insurance-Prop/Cas/Titl","2004-04-23"
"189","CB","Chubb","256.01","0.57","0.2","-0.63","-39.1","1892","489491","104449.3","98","97","84","A-","A","48","Insurance-Prop/Cas/Titl","1993-03-24"
"190","KNSL","Kinsale Capital Group","508.1","2.15","0.4","-3.78","-49.4","200","101924","11774.2","98","99","94","B+","A","48","Insurance-Prop/Cas/Titl","2016-07-28"
"191","SKWD","Skyward Specialty Ins","35.35","-0.63","-1.8","-2.27","32.8","343","11944","1407.9","98","81","93","B+","A","48","Insurance-Prop/Cas/Titl","2023-01-13"
"192","ALL","Allstate","159.13","-1.06","-0.7","-5.31","2.9","1590","255706","41642.3","97","81","89","A-","C","48","Insurance-Prop/Cas/Titl","1993-06-02"
"193","WRB","WR Berkley","85.31","-0.4","-0.5","-1.18","-12.1","1257","107405","21999.1","97","97","90","B+","A","48","Insurance-Prop/Cas/Titl","1973-10-18"
"194","PGR","Progressive","191.3","-0.39","-0.2","-0.53","-19.8","2276","436374","111918.2","96","79","90","B","A","48","Insurance-Prop/Cas/Titl","1971-04-15"
"195","TRV","Travelers","220.96","-1.34","-0.6","-1.08","31.8","1631","355480","50627.5","96","85","87","B+","B","48","Insurance-Prop/Cas/Titl","-"
"196","ACGL","Arch Capital Group","87.29","1.47","1.7","-3.71","-3","1748","151945","32574.1","96","96","73","C","A","48","Insurance-Prop/Cas/Titl","1995-09-13"
"197","FIHL","Fidelis Insurance Hldgs","14.24","0.34","2.4","-6.93","63.9","407","5667","1679.1","95","81","63","B-","B","48","Insurance-Prop/Cas/Titl","2023-06-29"
"198","RNR","RenaissanceRe Hldgs","226.45","2.04","0.9","-3.7","-45.8","478","108990","11587.9","91","79","70","D+","A","48","Insurance-Prop/Cas/Titl","1995-07-26"
"199","MEDP","Medpace Holdings","401.67","7.98","2","-0.07","36.2","233","92424","12355","98","95","96","A","A","49","Medical-Research Eqp/Svc","2016-08-11"
"200","ICLR","Icon PLC","314.19","0.82","0.3","-2.97","23.5","569","177077","25866","93","92","89","B-","B","49","Medical-Research Eqp/Svc","1998-05-18"
"201","AAON","AAON","84.05","1.4","1.7","-1.32","-43.5","401","33720","6828.6","99","98","92","B+","A","51","Bldg-A/C & Heating Prds","-"
"202","FIX","Comfort Systems USA","279.06","31.21","12.6","-4.57","83.8","421","114916","9966.3","98","98","96","A","A","51","Bldg-A/C & Heating Prds","1997-06-27"
"203","MOD","Modine Manufacturing","81.8","1","1.2","-1.5","-28.2","831","67738","4270.5","97","95","98","A-","B","51","Bldg-A/C & Heating Prds","-"
"204","TT","Trane Technologies","281.82","-0.46","-0.2","-0.5","-35.3","1107","314201","63993.4","95","93","93","A-","A","51","Bldg-A/C & Heating Prds","-"
"205","CDNS","Cadence Design Systems","303.53","-2.04","-0.7","-3.85","-26.2","1582","484433","82632.7","98","98","88","B","A","52","Computer Sftwr-Design","1987-06-10"
"206","SNPS","Synopsys","575.65","-5.25","-0.9","-8.54","-17.6","1470","842636","87490.7","97","99","86","B-","A","52","Computer Sftwr-Design","1992-02-25"
"207","ADSK","Autodesk","257.2","0.22","0.1","-4.57","-34.3","1250","325152","55018.9","96","96","87","C","A","52","Computer Sftwr-Design","1985-06-28"
"208","ALTR","Altair Engineering Cl A","85.52","-4.34","-4.8","-7.96","153","433","35901","6983.6","91","98","85","C","A","52","Computer Sftwr-Design","2017-11-01"
"209","IBKR","Interactive Brokers","106.72","-0.04","0","-0.58","-53.6","1368","147636","11420.6","98","96","87","A+","A","53","Finance-Invest Bnk/Bkrs","2007-05-04"
"210","HOOD","Robinhood Markets","14.48","0.51","3.7","0.87","8.8","14672","213218","12522","94","72","96","A+","C","53","Finance-Invest Bnk/Bkrs","2021-07-29"
"211","XP","XP","24.03","-0.73","-2.9","-13.28","-8.5","5513","132873","13170.4","94","96","84","C-","A","53","Finance-Invest Bnk/Bkrs","2019-12-11"
"212","PWP","Perella Weinberg Ptrs","12.97","0.13","1","-3.78","-14.5","263","3398","1117.3","94","63","87","B","B","53","Finance-Invest Bnk/Bkrs","-"
"213","AMP","Ameriprise Financial","407.12","3.79","0.9","-0.29","-34.4","486","200099","41198.9","91","85","83","B-","A","53","Finance-Invest Bnk/Bkrs","-"
"214","LPLA","LPL Financial Holdings","263.36","0.71","0.3","-0.33","-12.7","644","169498","19607.7","91","85","77","B+","B","53","Finance-Invest Bnk/Bkrs","2010-11-18"
"215","HLI","Houlihan Lokey Cl A","131.85","0.25","0.2","-0.59","-59","536","71686","9112.4","91","77","90","B+","B","53","Finance-Invest Bnk/Bkrs","2015-08-13"
"216","COR","Cencora","237.27","2.87","1.2","-0.88","-29.5","1383","327551","47330.9","98","94","90","B+","A","54","Medical-Whlsle Drg/Suppl","1995-04-03"
"217","IRM","Iron Mountain","75.03","2.93","4.1","-0.4","69.9","1392","102310","21907.9","97","90","88","B+","A","55","Comml Svcs-Document Mgmt","1997-06-30"
"218","EDU","New Oriental Edu ADR","91.61","1.66","1.8","-1.8","-21.4","2077","189971","15126.6","98","81","97","B","B","57","Consumer Svcs-Education","2006-09-07"
"219","JPM","JPMorgan Chase","183.99","0.92","0.5","0.31","-26.3","9638","1776938","529959.5","95","94","86","B","A","58","Banks-Money Center","-"
"220","APO","Apollo Global Management","111.61","0.1","0.1","-2.97","6","2459","271625","63344.8","98","95","93","A-","A","59","Finance-Investment Mgmt","2011-03-30"
"221","KKR","KKR","95.8","0.03","0","-2.87","-35.8","3697","353645","84783.8","97","82","95","B+","A","59","Finance-Investment Mgmt","2010-07-15"
"222","ARES","Ares Management","131.9","-2.05","-1.5","-5.43","47","931","120253","40060.7","97","97","92","B-","A","59","Finance-Investment Mgmt","2014-05-02"
"223","OWL","Blue Owl Capital","18","0.05","0.3","-1.8","-14.5","4803","86353","25360.3","97","67","94","A+","A","59","Finance-Investment Mgmt","-"
"224","BAM","Brookfield Asset Mgmt","41.17","-0.49","-1.2","-1.86","-56.7","1356","55880","16058.9","95","90","85","B","A","59","Finance-Investment Mgmt","-"
"225","EQH","Equitable Holdings","34.68","0.41","1.2","-0.4","-14.8","3951","138009","11738.7","94","85","84","B+","B","59","Finance-Investment Mgmt","2018-05-10"
"226","AMK","AssetMark Financial","33.65","0.39","1.2","-1.95","143","135","4398","2499","94","98","84","A+","A","59","Finance-Investment Mgmt","2019-07-18"
"227","MARA","Marathon Digital","23.99","-0.57","-2.3","-23.35","-51.2","86195","2076106","5340.8","90","76","99","A-","D","59","Finance-Investment Mgmt","-"
"228","NCDL","Nuveen Churchill Direct","16.95","-0.23","-1.3","-5.62","-78.9","118","2091","943.1","87","99","25","-","A","59","Finance-Investment Mgmt","2024-01-25"
"229","PSBD","Palmer Square Capital BDC","16.34","0.05","0.3","-4.56","-86.6","199","3369","531.9","75","81","38","-","B","59","Finance-Investment Mgmt","2024-01-18"
"230","BRKR","Bruker Corp","84.67","0.93","1.1","-0.2","1.3","829","69641","11719.3","97","84","86","A","A","60","Medical-Systems/Equip","2000-08-04"
"231","ISRG","Intuitive Surgical","389.77","0.69","0.2","-0.57","-41.8","1719","675900","137325.7","95","92","90","B-","A","60","Medical-Systems/Equip","2000-06-13"
"232","IDXX","IDEXX Laboratories","576.29","4.98","0.9","-0.58","-44.6","463","269934","47861.5","92","95","83","B-","A","60","Medical-Systems/Equip","1991-06-20"
"233","BLX","Banco Latinamer","27.28","2.71","11","-3.74","256.6","127","3276","996.6","96","94","86","B+","A","62","Banks-Foreign","1992-09-23"
"234","IBN","ICICI Bank ADR","25.63","-0.33","-1.3","-1.35","-22.6","6130","157206","88887.1","95","99","75","B-","A","62","Banks-Foreign","2000-03-28"
"235","APP","AppLovin","57.39","-0.41","-0.7","-5.38","-13.7","3590","206931","19271.6","99","81","98","A-","A","65","Comp Sftwr-Spec Enterprs","2021-04-15"
"236","APPF","AppFolio","236.31","6.07","2.6","-2.35","4.4","261","61393","8475.7","99","82","93","B+","A","65","Comp Sftwr-Spec Enterprs","2015-06-26"
"237","DV","DoubleVerify","42.36","0.07","0.2","-1.44","11.5","1329","56165","7200.6","99","96","91","B","B","65","Comp Sftwr-Spec Enterprs","2021-04-21"
"238","HUBS","HubSpot","605.41","5.06","0.8","-8.27","-45","443","268196","30470.3","96","99","89","B-","A","65","Comp Sftwr-Spec Enterprs","2014-10-09"
"239","THC","Tenet Healthcare","92.8","0.42","0.5","-0.11","-14.9","982","91500","9279.5","93","92","91","A","B","66","Medical-Hospitals","-"
"240","HESM","Hess Midstream","34.64","-0.11","-0.3","-0.63","-30.7","937","32606","7955.8","92","89","80","B-","A","69","Oil&Gas-Transprt/Pipelne","2017-04-05"
"241","MPLX","MPLX","39.67","-0.08","-0.2","-0.7","42.5","2181","85369","39718.3","91","90","72","A-","B","69","Oil&Gas-Transprt/Pipelne","2012-10-26"
"242","TTD","Trade Desk Cl A","81.44","-2.06","-2.5","-13.36","-16.2","5392","438489","39818.9","94","95","85","B","A","70","Comml Svcs-Advertising","2016-09-21"
"243","SAIA","Saia","563.59","4.45","0.8","-1.41","-38.1","291","164399","14961.6","96","94","96","B","B","71","Transportation-Truck","-"
"244","COOP","Mr. Cooper Group","72.94","0.66","0.9","-3.98","-43.8","535","39117","4803.8","95","95","92","A-","C","73","Finance-Consumer Loans","-"
"245","FCFS","FirstCash Holdings","117.54","-1.29","-1.1","-4.34","-38.2","220","25941","5301.9","93","92","81","B","B","73","Finance-Consumer Loans","1991-06-11"
"246","SLM","SLM Corp","19.67","-0.02","-0.1","-4.75","92.8","2420","46836","4450.8","91","78","90","B","A","73","Finance-Consumer Loans","-"
"247","BSX","Boston Scientific","67","0.26","0.4","0.14","-31.3","6698","447519","98153.8","94","88","88","B","A","76","Medical-Products","1992-05-18"
"248","SYK","Stryker","355.03","1.88","0.5","0.06","-51.8","1435","511775","135005.1","92","88","87","A-","A","76","Medical-Products","1979-05-02"
"249","STN","Stantec","83.04","-0.6","-0.7","-1.07","7.1","102","8619","9214","98","96","88","B","A","78","Comml Svcs-Consulting","1994-03-15"
"250","BAH","Booz Allen Hamilton Hldg","148.91","1.37","0.9","0.57","-22.2","684","101660","19320.3","93","91","91","B","A","78","Comml Svcs-Consulting","2010-11-17"
"251","LDOS","Leidos Holdings","126.06","1.31","1.1","0.57","38.4","803","100721","17116.3","91","89","89","A+","B","78","Comml Svcs-Consulting","2006-10-13"
"252","WCN","Waste Connections","170.15","-0.34","-0.2","-0.46","-20","1035","177636","43844.1","93","91","86","B","A","80","Pollution Control","-"
"253","WM","Waste Management","208.05","0.81","0.4","-0.06","-0.7","1698","350938","83552.5","90","88","88","B+","A","80","Pollution Control","1988-06-02"
"254","RSG","Republic Services","184.98","1.65","0.9","0.54","5.1","1173","215612","58201.4","90","91","86","B","A","80","Pollution Control","1998-07-02"
"255","TM","Toyota Motor ADR","235","0.55","0.2","-0.06","-13.7","323","75999","383402.3","97","95","94","A","B","83","Auto Manufacturers","-"
"256","RACE","Ferrari","416.07","4.22","1","0.75","-23.9","371","154611","75176.8","95","95","90","B","A","83","Auto Manufacturers","2015-10-21"
"257","TW","Tradeweb Markets","105.09","0.49","0.5","-0.16","-51.4","1115","120065","24775","98","98","88","A-","A","85","Financial Svcs-Specialty","2019-04-04"
"258","ICE","Intercontinental Exchange","138.38","-0.91","-0.7","-1.15","-14.2","2534","354266","79238.6","89","85","86","B+","A","85","Financial Svcs-Specialty","2005-11-16"
"259","SFM","Sprouts Farmers Market","59.63","5.87","10.9","-0.62","202.1","1217","69838","6056","91","92","95","A-","A","87","Retail-Super/Mini Mkts","2013-08-01"
"260","MORN","Morningstar","298.71","22.13","8","-1.06","75","128","37518","12754.6","94","88","88","A","A","88","Comml Svcs-Market Rsrch","2005-05-03"
"261","RELX","RELX ADR","44.44","0.09","0.2","-0.27","73.1","949","41182","84396","92","85","90","A","A","88","Comml Svcs-Market Rsrch","-"
"262","COLL","Collegium Pharmaceutical","36.35","3.54","10.8","0","131.4","436","15394","1185.4","98","96","94","A-","A","92","Medical-Generic Drugs","2015-05-07"
"263","HQY","HealthEquity","82.23","-0.03","0","-1.94","-29.6","715","59444","7055.4","93","89","87","B-","B","95","Comml Svcs-Outsourcing","2014-07-31"
"264","CAT","Caterpillar","323.88","1.79","0.6","-3.28","-45.8","2904","949162","161738.2","90","94","90","B-","A","97","Machinery-Constr/Mining","-"
"265","PWR","Quanta Services","234.39","1.46","0.6","-0.68","50.4","1007","233522","34053.1","97","97","89","A-","A","98","Bldg-Heavy Construction","1998-02-12"
"266","GVA","Granite Construction","49.51","-1.86","-3.6","-5.23","83.9","374","18145","2175.1","93","97","78","B-","B","98","Bldg-Heavy Construction","1990-04-19"
"267","ROAD","Construction Ptrs Cl A","46.71","0.19","0.4","-7.87","7.1","323","15148","2467.5","93","82","91","B","B","98","Bldg-Heavy Construction","2018-05-04"
"268","NVO","Novo Nordisk ADR","123.45","-1.07","-0.9","-1.13","-18.1","4589","569746","552673.3","99","98","92","A","A","99","Medical-Ethical Drugs","-"
"269","ELF","e.l.f. Beauty","185.94","3.57","2","1.27","-19.2","1487","275358","10320.8","98","98","97","A-","A","100","Cosmetics/Personal Care","2016-09-22"
"270","AROC","Archrock","18.39","-0.6","-3.2","-5.3","-0.7","1366","25242","3046.4","99","81","95","A+","A","102","Oil&Gas-Machinery/Equip","2000-05-24"
"271","WFRD","Weatherford Intl","105.73","-2.02","-1.9","-2.35","-13.7","904","94797","7646","95","81","92","A-","A","102","Oil&Gas-Machinery/Equip","1972-12-14"
"272","FTI","TechnipFMC","21.53","0.01","0","-5.49","55.5","4634","98209","9375.5","93","81","84","B+","B","102","Oil&Gas-Machinery/Equip","2001-06-14"
"273","VEEV","Veeva Systems Cl A","221.64","-0.53","-0.2","-1.71","-41.6","1099","248214","35687.4","91","97","87","C+","A","104","Computer Sftwr-Medical","2013-10-16"
"274","UBER","Uber Technologies","78.2","0.17","0.2","-4.48","-49.7","31090","2454346","162382.1","99","82","97","A+","B","105","Leisure-Services","2019-05-10"
"275","RCL","Royal Caribbean Group","121.91","-0.65","-0.5","-8.87","-6.2","2753","334191","31237.6","95","82","91","B","A","105","Leisure-Services","1993-04-27"
"276","CRBG","Corebridge Financial","25.11","-0.12","-0.5","-2.64","16.3","3623","91114","15632.2","92","87","92","A-","C","106","Insurance-Life","2022-09-15"
"277","VITL","Vital Farms","16.84","0.21","1.3","-6.5","84.9","247","4194","700.6","93","81","84","A-","C","112","Food-Meat Products","2020-07-31"
"278","AX","Axos Financial","52.06","0.25","0.5","-13.23","-56.2","692","36744","2962.1","94","95","87","D+","A","115","Finance-Savings & Loan","2005-03-15"
"279","DKS","Dick's Sporting Goods","172.67","3.79","2.2","1.17","-24.1","1039","182149","14114.7","90","85","93","A","B","116","Retail-Leisure Products","2002-10-16"
"280","PCAR","Paccar","110.78","0.26","0.2","0.1","-25.1","2255","251692","57946.2","94","95","91","B+","A","117","Trucks & Parts-Hvy Duty","-"
"281","CAMT","Camtek","77.79","-5.23","-6.3","-13.23","30.8","450","35137","3490","90","93","97","B-","B","118","Elec-Scientific/Msrng","2000-07-28"
"282","GE","General Electric","153.33","1.66","1.1","-0.31","10.9","5085","773887","166874.3","96","74","94","A","B","119","Diversified Operations","-"
"283","ETN","Eaton Corp. PLC","284.93","0.35","0.1","-0.5","-22.5","1587","454263","113772.5","95","93","92","B+","A","119","Diversified Operations","-"
"284","BRKB","Berkshire Hathaway Cl B","417.22","2.06","0.5","0.23","16.4","3458","1435320","952745.7","94","92","84","A-","B","119","Diversified Operations","-"
"285","EMR","Emerson Electric","105.91","0.62","0.6","-1.09","-35.9","2837","303188","60548.7","92","92","84","B+","A","119","Diversified Operations","-"
"286","ERIE","Erie Indemnity Cl A","349.51","-2.34","-0.7","-3.7","-13.8","119","41661","16144.2","94","92","90","C","A","126","Insurance-Brokers","-"
"287","BRO","Brown & Brown","84.24","0.12","0.1","-0.43","-43.1","1511","127985","23974.5","93","96","86","B","A","126","Insurance-Brokers","-"
"288","TBBK","The Bancorp","43.86","0.66","1.5","-6.9","-25.3","448","19903","2353.3","93","99","84","C","A","128","Banks-Northeast","2004-02-03"
"289","VVV","Valvoline","41.67","0.55","1.3","0.63","-32.7","1357","57512","5402.5","93","83","80","A+","A","133","Retail/Whlsle-Auto Parts","2016-09-23"
"290","RWAY","Runway Growth Finance","13.53","-0.14","-1","-2.73","-48.9","331","4527","548.1","90","98","63","B-","A","139","Finance-Commercial Loans","2021-10-21"
"291","MSDL","Morgan Stanley Direct","20.2","-0.3","-1.5","-2.98","-60.2","151","3141","1783.2","80","99","29","-","A","139","Finance-Commercial Loans","2024-01-24"
"292","MSFT","Microsoft","410.34","-1.31","-0.3","-2.49","-34.2","24765","10255956","3049005.1","94","97","86","B-","A","140","Computer Sftwr-Desktop","1986-03-17"
"293","TDW","Tidewater","72.92","-0.11","-0.2","-5.95","-21.7","714","51838","3853.2","93","82","92","B","B","150","Oil&Gas-Field Services","-"
"294","TSM","Taiwan Semiconductor ADR","129.53","0.46","0.4","-4.17","-21.4","12874","1665950","671723.5","89","75","91","A+","B","153","Elec-Semiconductor Mfg","-"
"295","NXPI","NXP Semiconductors","238.85","-0.65","-0.3","-1.46","-20.7","2291","552531","61566.7","89","97","86","B+","A","153","Elec-Semiconductor Mfg","2010-08-06"
"296","POST","Post Holdings","105.88","0.48","0.5","-1.05","-57","768","82533","6424.9","90","78","82","A-","B","154","Food-Packaged","-"
"297","ALSN","Allison Transmission","74.63","1.24","1.7","1.58","68.9","684","49934","6678.2","90","88","93","B+","A","155","Auto/Truck-Original Eqp","2012-03-15"
"298","AS","Amer Sports","15.54","0.52","3.5","-4.95","-70.5","2968","48303","7762.2","39","4","85","-","-","184","Leisure-Products","2024-02-01"
"299","DY","Dycom Industries","119.89","0.58","0.5","0.18","13","228","27107","3517.3","91","94","84","A-","B","188","Telecom-Infrastructure","-"
"300","NXT","Nextracker","57.94","0.46","0.8","-5.71","-23.6","4579","263551","7911.2","99","97","95","C+","A","191","Energy-Solar","2023-02-09"
"1","SMCI","Super Micro Computer","1043","-31.34","-2.9","-9.7","19.1","10624","11067420","58338.1","99","94","99","A+","A","1","Computer-Hardware/Perip","2007-03-29"
"2","DELL","Dell Technologies Cl C","115.87","-5.92","-4.9","-11.59","169","5763","650317","82449.6","85","63","98","A+","-","1","Computer-Hardware/Perip","-"
"3","MDB","MongoDB","401.84","-37.16","-8.5","-21.15","113.2","1214","534350","29003.6","99","82","87","B+","B","2","Computer Sftwr-Database","2017-10-19"
"4","CFLT","Confluent","31.95","-2.58","-7.5","-22.5","43.8","5578","188744","9836.6","99","81","85","A","C","2","Computer Sftwr-Database","2021-06-24"
"5","ESTC","Elastic","107.38","-1.02","-0.9","-21.08","72.4","1437","150665","10698.3","97","81","90","C","B","2","Computer Sftwr-Database","2018-10-05"
"6","CVLT","Commvault Systems","96.15","-1.77","-1.8","-2.51","-24.1","305","29816","4198","98","95","92","A+","A","2","Computer Sftwr-Database","2006-09-22"
"7","VRNS","Varonis Systems","48.43","-2.07","-4.1","-8.42","-25.2","1293","64879","5283.3","95","75","95","B+","B","2","Computer Sftwr-Database","2014-02-28"
"8","MSTR","MicroStrategy","1140.23","-193.78","-14.5","-16.15","217.6","1664","2099598","19377.5","90","34","99","A+","C","2","Computer Sftwr-Database","1998-06-17"
"9","DECK","Deckers Outdoor","911.62","-14.96","-1.6","-3","13","336","301879","23399.5","99","99","96","A-","A","4","Apparel-Shoes & Rel Mfg","1993-10-15"
"10","ONON","On Holding","32.8","-1.23","-3.6","-11.54","29.6","5130","172920","10434.7","94","41","84","B","A","4","Apparel-Shoes & Rel Mfg","2021-09-15"
"11","CROX","Crocs","122.69","-1.9","-1.5","-18.92","-36","1629","203704","7426.7","93","90","75","B","A","4","Apparel-Shoes & Rel Mfg","2006-02-08"
"12","NVDA","NVIDIA","849.07","-3.26","-0.4","-3.18","9.6","47886","40559513","2122677.8","99","99","98","B","A","3","Elec-Semicondctor Fablss","1999-01-22"
"13","AMD","Advanced Micro Devices","202.57","-2.8","-1.4","-4","-15.6","75566","15423398","327301.7","99","92","97","A-","C","3","Elec-Semicondctor Fablss","1972-09-27"
"14","ARM","Arm Holdings ADR","134.33","-3.68","-2.7","-18.09","-48.6","17189","2343616","137719.7","99","99","98","A+","A","3","Elec-Semicondctor Fablss","2023-09-14"
"15","QUIK","QuickLogic","15.96","-0.88","-5.2","-7.48","9.8","185","3048","222","99","81","98","B+","B","3","Elec-Semicondctor Fablss","1999-10-15"
"16","QCOM","Qualcomm","160.55","-6.01","-3.6","-4.34","-3.6","8714","1430750","179173.8","98","87","91","A+","B","3","Elec-Semicondctor Fablss","1991-12-13"
"17","AVGO","Broadcom","1335.66","-66.6","-4.7","-7.13","39.9","2596","3644473","625276.8","96","88","96","A","A","3","Elec-Semicondctor Fablss","2009-08-06"
"18","MPWR","Monolithic Power Systems","710","-25.68","-3.5","-6.76","-20.2","535","386673","34017.5","95","82","92","A-","A","3","Elec-Semicondctor Fablss","2004-11-19"
"19","MRVL","Marvell Technology","77.95","-1.4","-1.8","-2.67","-9.5","12005","933790","67379.1","93","56","95","A+","B","3","Elec-Semicondctor Fablss","2000-06-27"
"20","NBIX","Neurocrine Biosciences","133.6","0.48","0.4","-6.8","-0.8","830","109890","13294.1","98","93","86","C+","A","6","Medical-Biomed/Biotech","1996-05-23"
"21","ALKS","Alkermes","29.47","-0.46","-1.5","-10.39","-28.5","1740","54122","4917.1","97","97","72","B-","A","6","Medical-Biomed/Biotech","1991-07-15"
"22","CRSP","CRISPR Therapeutics","80.96","-0.79","-1","-11.14","-36.3","2242","187045","6438","96","68","91","A+","C","6","Medical-Biomed/Biotech","2016-10-19"
"23","VRTX","Vertex Pharmaceuticals","415.64","-8.39","-2","-7.31","-21.4","1355","578928","107362.7","96","91","87","C+","A","6","Medical-Biomed/Biotech","1991-07-24"
"24","SRPT","Sarepta Therapeutics","122.46","-1.42","-1.1","-23.41","-8.2","1184","146797","11455.6","92","81","72","B","C","6","Medical-Biomed/Biotech","1997-06-04"
"25","ALPN","Alpine Immune Sciences","37.28","0.62","1.7","0.68","60.8","994","36062","2165.9","95","52","99","A+","E","6","Medical-Biomed/Biotech","2015-06-17"
"26","BEAM","Beam Therapeutics","38.01","-0.23","-0.6","-23.21","-44.2","1504","57738","3098","91","66","87","A-","C","6","Medical-Biomed/Biotech","2020-02-06"
"27","VCEL","Vericel","44.41","-0.36","-0.8","-11.34","-37.8","591","26812","2119.4","93","69","90","B","C","6","Medical-Biomed/Biotech","1997-02-04"
"28","VERA","Vera Therapeutics","45.54","-1","-2.1","-10.32","11","1338","61842","2390.7","90","47","99","A+","-","6","Medical-Biomed/Biotech","2021-05-14"
"29","KYMR","Kymera Therapeutics","41.66","-0.94","-2.2","-8.06","-63","861","37458","2403.8","89","33","97","A+","D","6","Medical-Biomed/Biotech","2020-08-21"
"30","FDMT","4D Molecular Therap","27.55","-1.19","-4.1","-22.64","-79.6","1247","34694","1359.3","88","48","97","A-","D","6","Medical-Biomed/Biotech","2020-12-11"
"31","REGN","Regeneron Pharmaceuticals","965","-6.2","-0.6","-3.34","-25.5","545","537359","105918.8","88","76","83","C+","A","6","Medical-Biomed/Biotech","1991-04-02"
"32","ABVX","Abivax ADR","14.98","0.32","2.2","-1.19","-63","146","2199","987.5","58","2","96","C+","E","6","Medical-Biomed/Biotech","2023-10-20"
"33","ACMR","ACM Research Cl A","28.53","-3.4","-10.6","-17.08","134.1","1669","51142","1728.8","99","99","98","A-","A","5","Elec-Semiconductor Equip","2017-11-03"
"34","VECO","Veeco Instruments","35.71","-1.18","-3.2","-5.4","-43.2","546","19972","2012.8","99","97","93","A","B","5","Elec-Semiconductor Equip","1994-11-28"
"35","ASML","ASML Holding","960.07","-37.98","-3.8","-4.73","-5.5","1216","1196450","380740.3","98","96","94","A+","A","5","Elec-Semiconductor Equip","1995-03-15"
"36","AMAT","Applied Materials","205.26","-4.23","-2","-3.8","-27.8","6534","1360072","170463.5","97","87","94","A+","A","5","Elec-Semiconductor Equip","1972-10-05"
"37","KLAC","KLA","698.79","-19.03","-2.7","-4.01","-5.8","949","683498","94498.8","94","78","94","B+","B","5","Elec-Semiconductor Equip","1980-10-08"
"38","LRCX","Lam Research","953.37","-24.15","-2.5","-4.07","-3.4","1032","1008898","124989.7","93","64","95","A","B","5","Elec-Semiconductor Equip","1984-05-04"
"39","ENTG","Entegris","133.9","-6.42","-4.6","-5.63","-21","1367","191172","20138","92","64","92","A-","B","5","Elec-Semiconductor Equip","2000-07-11"
"40","ONTO","Onto Innovation","186.54","-8.19","-4.2","-6.6","-30.6","415","80540","9151.5","92","67","96","B","C","5","Elec-Semiconductor Equip","1984-11-28"
"41","EME","EMCOR Group","323.99","0.22","0.1","-1.56","38.8","373","121122","15248.3","99","98","96","A+","A","7","Bldg-Maintenance & Svc","-"
"42","IBP","Installed Bldg Products","235.56","-5.55","-2.3","-4.55","60.5","234","56441","6681.8","98","95","97","A","A","7","Bldg-Maintenance & Svc","2014-02-13"
"43","ROL","Rollins Inc","44.39","-0.69","-1.5","-1.88","-2.3","1965","87725","21479.7","96","96","74","B-","A","7","Bldg-Maintenance & Svc","-"
"44","COIN","Coinbase Global","217.56","-11.59","-5.1","-7.99","64.6","15070","3410324","52709.3","99","76","99","A","D","10","Computer Sftwr-Financial","2021-04-14"
"45","AVDX","AvidXchange","12.39","-0.62","-4.8","-8.63","76.5","1981","25530","2517","99","81","85","C+","C","10","Computer Sftwr-Financial","2021-10-13"
"46","INTU","Intuit","634.91","-33.5","-5","-5.38","22","1178","792199","177761.5","98","97","90","B-","A","10","Computer Sftwr-Financial","1993-03-11"
"47","PEGA","Pegasystems","62.11","-3.26","-5","-10.33","6.6","484","31612","5211.3","98","81","89","A","A","10","Computer Sftwr-Financial","1996-07-19"
"48","VERX","Vertex","29.7","-0.73","-2.4","-16.05","142.4","511","14293","4543.7","98","95","92","B-","A","10","Computer Sftwr-Financial","2020-07-29"
"49","ALKT","Alkami Technology","23.38","-0.95","-3.9","-12.59","169.7","326","7858","2229.5","92","81","90","C-","C","10","Computer Sftwr-Financial","2021-04-14"
"50","GWRE","Guidewire Software","114.02","-4.76","-4","-6.34","-13.4","668","79879","9341.7","94","74","92","C+","C","10","Computer Sftwr-Financial","2012-01-25"
"51","FICO","Fair Isaac","1256.23","-45.02","-3.5","-6","34.7","158","212624","31219.8","92","96","93","C+","-","10","Computer Sftwr-Financial","1987-07-22"
"52","SSNC","SS&C Technologies","62.12","-1.29","-2","-4.42","-5.5","887","56853","15375.6","90","77","69","A-","A","10","Computer Sftwr-Financial","1996-05-31"
"53","AXP","American Express","216.52","-2.39","-1.1","-1.75","-17.3","3263","720389","156746.6","98","93","88","A-","A","9","Finance-CrdtCard/PmtPr","-"
"54","KSPI","Kaspi.kz ADR","103.66","-2.94","-2.8","-5.05","23.3","252","26370","19618.6","98","99","77","-","A","9","Finance-CrdtCard/PmtPr","2024-01-19"
"55","MA","Mastercard","465.04","-3.45","-0.7","-2.94","-24.5","2423","1126296","433831.6","97","94","81","C","A","9","Finance-CrdtCard/PmtPr","2006-05-25"
"56","SQ","Block","74.06","-2.94","-3.8","-11.08","-35.7","11337","878308","45598.2","97","97","79","B-","B","9","Finance-CrdtCard/PmtPr","2015-11-19"
"57","FOUR","Shift4 Payments","79.08","-1.94","-2.4","-14.32","-15.4","1202","96689","6518.9","96","79","85","B-","A","9","Finance-CrdtCard/PmtPr","2020-06-05"
"58","V","Visa Cl A","278.07","-2.46","-0.9","-2.82","-9.7","5270","1494327","517721.8","93","92","77","D","A","9","Finance-CrdtCard/PmtPr","2008-03-19"
"59","CRWD","CrowdStrike Holdings","292.36","-21.45","-6.8","-13.62","198.2","3276","1015551","70221.7","99","99","97","B-","A","17","Computer Sftwr-Security","2019-06-12"
"60","ZS","Zscaler","203.84","-10.38","-4.8","-21.48","131.7","2278","476939","30236.2","99","99","91","C-","A","17","Computer Sftwr-Security","2018-03-16"
"61","OKTA","Okta Cl A","106.06","-3.2","-2.9","-5.37","12.9","2328","253953","17536.5","99","81","93","A-","B","17","Computer Sftwr-Security","2017-04-07"
"62","CYBR","CyberArk Software","250.16","-14.77","-5.6","-11.6","34","650","174297","10215","99","82","95","B-","B","17","Computer Sftwr-Security","2014-09-24"
"63","FTNT","Fortinet","68.59","-2.8","-3.9","-15.57","8.1","6448","463335","52336.2","97","98","83","B","A","17","Computer Sftwr-Security","2009-11-18"
"64","NICE","NICE ADR","237.94","-8.05","-3.3","-5.95","-10.7","357","88306","15090.3","97","94","84","B+","A","17","Computer Sftwr-Security","1996-01-24"
"65","TENB","Tenable Holdings","45.11","-2.65","-5.5","-15.68","26.8","984","47120","5328.3","98","98","71","B","A","17","Computer Sftwr-Security","2018-07-26"
"66","S","SentinelOne","25.31","-1.78","-6.6","-17.73","30.9","5453","149191","7557.9","90","62","95","B-","C","17","Computer Sftwr-Security","2021-06-30"
"67","NFLX","Netflix","593.03","-22.8","-3.7","-5.03","-26.4","4878","3014611","256639.1","99","98","94","A+","A","20","Leisure-Movies & Related","2002-05-23"
"68","RL","Ralph Lauren Cl A","179.89","1.71","1","-5.52","32.8","939","163907","7023.6","95","78","94","B","B","28","Apparel-Clothing Mfg","1997-06-11"
"69","TPR","Tapestry","47.75","0.47","1","-2.16","2.2","3726","175427","10951.1","94","92","89","B+","A","28","Apparel-Clothing Mfg","2000-10-05"
"70","ESEA","Euroseas","38.53","0.69","1.8","-8.89","-30","61","2330","267.9","98","98","94","B-","A","18","Transportation-Ship","-"
"71","KEX","Kirby Corp","88.41","-0.93","-1","-1.27","12.3","371","33100","5225","94","78","75","B+","B","18","Transportation-Ship","-"
"72","AZEK","AZEK","48.19","-0.68","-1.4","-2.83","-29.3","1546","75215","7027.2","99","97","96","A+","B","8","Bldg-Constr Prds/Misc","2020-06-12"
"73","GFF","Griffon","68.82","-1.27","-1.8","-4.59","-20.5","412","28800","3506.1","97","96","96","B","B","8","Bldg-Constr Prds/Misc","-"
"74","CNM","Core & Main","48.35","-0.86","-1.7","-3.37","-23","2973","147128","9732.9","96","83","95","A+","B","8","Bldg-Constr Prds/Misc","2021-07-23"
"75","WMS","Advanced Drainage Systems","161.81","-2.93","-1.8","-3.53","-20","467","77159","12558.7","96","95","93","B+","B","8","Bldg-Constr Prds/Misc","2014-07-25"
"76","PGTI","PGT Innovations","41.81","0.01","0","-0.38","3.1","1062","46092","2384.9","95","84","94","A-","B","8","Bldg-Constr Prds/Misc","2006-06-28"
"77","AWI","Armstrong Wrld Ind","119.99","-1.57","-1.3","-3.09","-49.4","359","44016","5301.2","95","84","95","A-","A","8","Bldg-Constr Prds/Misc","-"
"78","BLDR","Builders FirstSource","198.83","-2.02","-1","-3.01","20","1271","255247","24524.3","94","89","96","B+","C","8","Bldg-Constr Prds/Misc","2005-06-22"
"79","FERG","Ferguson","201.01","-14.55","-6.7","-7.51","292.8","967","207876","40902.3","93","81","91","B+","B","8","Bldg-Constr Prds/Misc","-"
"80","OC","Owens Corning","149.62","-3.19","-2.1","-6.59","-6","669","102275","13017.8","92","96","84","D-","B","8","Bldg-Constr Prds/Misc","-"
"81","ATKR","Atkore","163.08","-9.12","-5.3","-6.97","-1.8","420","71669","5996.1","92","78","84","A-","B","8","Bldg-Constr Prds/Misc","2016-06-10"
"82","TREX","Trex Co","94.05","-1.99","-2.1","-7.72","-14.2","876","84794","10215.5","90","84","94","B-","B","8","Bldg-Constr Prds/Misc","1999-04-08"
"83","AXON","Axon Enterprise","314.26","-5.63","-1.8","-3.49","28.9","451","141387","23548.1","99","99","93","A-","A","16","Security/Sfty","-"
"84","FSS","Federal Signal","79.29","-0.78","-1","-7.78","32.6","318","25278","4836.4","97","93","88","B-","A","16","Security/Sfty","-"
"85","APG","APi Group","37.94","-0.46","-1.2","-1.53","1.8","1523","56236","9263.2","95","92","93","A","B","16","Security/Sfty","-"
"86","JBI","Janus International","14.58","-0.04","-0.2","-8.1","15.8","1570","22838","2140.6","90","78","92","B-","A","16","Security/Sfty","-"
"87","CMG","Chipotle Mexican Grill","2710.07","-10.23","-0.4","-0.8","-17.8","209","567998","74312.8","99","97","92","A","A","15","Retail-Restaurants","2006-01-26"
"88","TXRH","Texas Roadhouse","151.79","2.15","1.4","-0.5","-40.4","856","129528","10143.5","99","89","91","B+","A","15","Retail-Restaurants","2004-10-05"
"89","CAVA","CAVA Group","57.47","-0.5","-0.9","-3.95","29.9","2025","116664","6529.7","99","81","93","A","A","15","Retail-Restaurants","2023-06-15"
"90","SHAK","Shake Shack Cl A","100.2","-4.06","-3.9","-7.56","9.5","994","103926","4238.7","99","81","96","A-","C","15","Retail-Restaurants","2015-01-30"
"91","FWRG","First Watch Restaurant","25.04","-0.42","-1.6","-3.24","468","330","8193","1497.8","99","81","92","B+","C","15","Retail-Restaurants","2021-10-01"
"92","WING","Wingstop","364.87","-1.64","-0.4","-2.78","10.4","420","153787","10704.2","96","95","97","A","-","15","Retail-Restaurants","2015-06-12"
"93","KRUS","Kura Sushi USA","93.56","-1.34","-1.4","-14.95","-28.2","115","10942","1044.4","93","51","90","B","C","15","Retail-Restaurants","2019-08-01"
"94","LECO","Lincoln Electric","252.35","-2.95","-1.2","-2.58","-8.3","264","68854","14339","99","95","90","A-","A","14","Machinery-Tools & Rel","-"
"95","GWW","WW Grainger","985.97","-1.63","-0.2","-1.25","0.4","241","237814","48483.1","97","93","91","A-","A","14","Machinery-Tools & Rel","-"
"96","XYL","Xylem","126.06","-1.79","-1.4","-1.96","-40.6","1215","156961","30477.5","97","70","84","A-","A","14","Machinery-Tools & Rel","-"
"97","FAST","Fastenal","74.25","-0.55","-0.7","-2.06","2.4","3917","287881","42494.5","93","83","89","B","A","14","Machinery-Tools & Rel","1987-08-20"
"98","NTAP","NetApp","102.7","-0.63","-0.6","-8.69","72","1833","184258","21159.4","96","90","90","A-","B","12","Computer-Data Storage","1995-11-20"
"99","PSTG","Pure Storage Cl A","54.66","-1.06","-1.9","-3.12","-30.3","5203","286729","17271","96","92","96","A-","A","12","Computer-Data Storage","2015-10-07"
"100","KNSL","Kinsale Capital Group","528.56","3.74","0.7","-0.34","14.3","185","96934","12256.8","98","99","94","B+","A","21","Insurance-Prop/Cas/Titl","2016-07-28"
"101","AGO","Assured Guaranty","90.8","0.01","0","-6","3","293","26655","5035.9","99","95","94","A-","A","21","Insurance-Prop/Cas/Titl","2004-04-23"
"102","CB","Chubb","248.3","0.04","0","-3.7","-15.4","1728","428323","100749.7","97","97","80","C","A","21","Insurance-Prop/Cas/Titl","1993-03-24"
"103","SKWD","Skyward Specialty Ins","35.28","-0.85","-2.4","-4.65","-5.5","323","11774","1405.1","98","81","92","B+","A","21","Insurance-Prop/Cas/Titl","2023-01-13"
"104","WRB","WR Berkley","84.19","0.58","0.7","-2.48","-10.6","1176","98743","21598.8","97","97","87","B","A","21","Insurance-Prop/Cas/Titl","1973-10-18"
"105","FIHL","Fidelis Insurance Hldgs","16.89","-0.35","-2","-9.24","94.6","463","7668","1991.6","98","80","90","A","A","21","Insurance-Prop/Cas/Titl","2023-06-29"
"106","TRV","Travelers","219.21","0.14","0.1","-2.09","-43.3","1559","344027","50225.3","96","84","85","A-","B","21","Insurance-Prop/Cas/Titl","-"
"107","ACGL","Arch Capital Group","87.33","0.19","0.2","-3.67","-21.8","1637","144295","32672.7","95","96","74","C-","A","21","Insurance-Prop/Cas/Titl","1995-09-13"
"108","PGR","Progressive","189.86","0.62","0.3","-2.11","-23.6","2188","413527","111196.6","94","79","89","D+","A","21","Insurance-Prop/Cas/Titl","1971-04-15"
"109","ALL","Allstate","156.53","0.15","0.1","-6.86","-8.3","1562","244625","41177.9","94","81","87","C+","C","21","Insurance-Prop/Cas/Titl","1993-06-02"
"110","COST","Costco Wholesale","761","1.82","0.2","-0.49","33.7","1999","1537795","337674.8","94","93","92","B+","B","33","Retail-Major Disc Chains","1985-11-27"
"111","TPX","Tempur Sealy","53.99","-0.41","-0.8","-2.32","-19.6","1704","93317","9372.9","92","80","88","B+","A","11","Hsehold/Office Furniture","2003-12-18"
"112","GCT","GigaCloud Technology","36.37","-4.1","-10.1","-16.52","25.6","2822","114166","1479.5","99","99","99","A-","A","30","Computer-Tech Services","2022-08-18"
"113","GTLB","GitLab Cl A","58.99","-15.48","-20.8","-24.88","1187","2242","153467","9184.7","95","81","95","B","C","30","Computer-Tech Services","2021-10-14"
"114","CDW","CDW Corp.","244.83","-1.85","-0.7","-1.62","-6.2","720","178120","32859.2","90","85","84","B+","C","30","Computer-Tech Services","2013-06-27"
"115","EPAM","EPAM Systems","307.51","-0.42","-0.1","-2.33","57.3","478","147524","17782.1","91","81","83","A-","B","30","Computer-Tech Services","2012-02-08"
"116","IRM","Iron Mountain","78.74","-0.19","-0.2","-3.01","8.7","1469","112672","23013.7","98","90","89","B+","A","25","Comml Svcs-Document Mgmt","1997-06-30"
"117","REVG","REV Group","20.89","-0.13","-0.6","-1.65","4.1","634","13255","1082.1","98","96","97","A","B","26","Bldg-Mobile/Mfg & Rv","2017-01-27"
"118","URI","United Rentals","674.6","-37.71","-5.3","-7.89","46.5","603","431446","45327","98","95","95","B","A","23","Comml Svcs-Leasing","1997-12-18"
"119","DFH","Dream Finders Homes","37.52","-1.39","-3.6","-7.12","-22.4","379","15186","3493.4","97","98","97","B+","A","31","Bldg-Resident/Comml","2021-01-21"
"120","TOL","Toll Brothers","115.89","-1.4","-1.2","-3.03","-6.2","1397","164203","12085.4","95","90","95","B+","B","31","Bldg-Resident/Comml","1986-07-08"
"121","LEN","Lennar Cl A","159.14","-1.4","-0.9","-2.9","-5.6","1903","307415","44688.3","94","81","91","B+","B","31","Bldg-Resident/Comml","1971-02-18"
"122","PHM","PulteGroup","110.19","-0.84","-0.8","-2.86","4.7","1742","193136","23372.6","93","88","94","B","B","31","Bldg-Resident/Comml","-"
"123","SDHC","Smith Douglas Homes","31.07","-0.93","-2.9","-5.25","-63.1","289","9360","1627.1","74","25","94","-","B","31","Bldg-Resident/Comml","2024-01-11"
"124","META","Meta Platforms","489.8","-8.39","-1.7","-2.9","-24.8","18695","9367616","1249259.4","99","96","97","B+","A","37","Internet-Content","2012-05-18"
"125","ENSG","Ensign Group","126.5","0.51","0.4","-0.1","-3.9","261","33097","7168.1","97","96","87","B","A","32","Medical-Long-term Care","2007-11-09"
"126","PLMR","Palomar Holdings","73.32","-0.48","-0.7","-4.7","0.8","153","11431","1823.3","97","97","87","B+","A","41","Insurance-Diversified","2019-04-17"
"127","HIG","Hartford Financial","95.64","0.83","0.9","-1.04","0","1674","159261","28437.1","94","96","87","A","A","41","Insurance-Diversified","-"
"128","MFC","Manulife Financial","23.98","0","0","-3.66","-32.8","3413","81340","43859.4","95","89","84","B+","A","41","Insurance-Diversified","1999-09-24"
"129","AIZ","Assurant","178.17","0.14","0.1","-2.71","-4.7","368","65693","9260.7","93","97","86","B-","B","41","Insurance-Diversified","2004-02-05"
"130","L","Loews Corp","74.37","0.02","0","-1.48","-9.1","759","57056","16525.1","91","97","77","B-","B","41","Insurance-Diversified","-"
"131","COR","Cencora","235.48","-0.32","-0.1","-2.06","12","1322","310454","46973.8","97","94","89","B+","A","43","Medical-Whlsle Drg/Suppl","1995-04-03"
"132","CAH","Cardinal Health","112.85","0.21","0.2","-2.15","-9.5","2298","256233","27448.8","95","90","85","B+","A","43","Medical-Whlsle Drg/Suppl","1983-08-04"
"133","AFYA","Afya","20.2","-0.24","-1.2","-10.14","-58.9","118","2438","1893.2","99","97","90","B","A","36","Consumer Svcs-Education","2019-07-19"
"134","EDU","New Oriental Edu ADR","94.35","-1.96","-2","-3.92","-50.6","1889","183942","15579.5","99","81","96","B","B","36","Consumer Svcs-Education","2006-09-07"
"135","SUM","Summit Materials Cl A","42.91","-1.02","-2.3","-3.41","52.9","909","39264","7477","99","88","88","A-","B","24","Bldg-Cement/Concrt/Ag","2015-03-12"
"136","CRH","CRH","81.5","-2.03","-2.4","-3.72","21.7","3780","309787","60587.1","97","97","94","A","B","24","Bldg-Cement/Concrt/Ag","-"
"137","MLM","Martin Marietta","602.03","0.13","0","-0.49","198.6","348","199951","37209.4","97","97","92","A+","A","24","Bldg-Cement/Concrt/Ag","1994-02-16"
"138","KNF","Knife River","74.41","-0.97","-1.3","-2.26","43.9","402","30491","4209.6","97","82","95","A-","B","24","Bldg-Cement/Concrt/Ag","-"
"139","EXP","Eagle Materials","255.19","-3.5","-1.4","-2.38","-12.5","273","70412","8791.1","96","96","94","A-","A","24","Bldg-Cement/Concrt/Ag","1994-04-12"
"140","VMC","Vulcan Materials","263.56","-4.3","-1.6","-2.27","42","770","204262","34849.1","92","74","89","B","B","24","Bldg-Cement/Concrt/Ag","-"
"141","ANF","Abercrombie & Fitch","139.08","1.78","1.3","-0.29","152.3","1425","191863","7010.3","99","81","99","A+","C","13","Retail-Apparel/Shoes/Acc","1996-09-26"
"142","ROST","Ross Stores","148.52","-1.45","-1","-1.72","73.6","1790","262714","49978.1","98","86","87","B-","A","13","Retail-Apparel/Shoes/Acc","1985-08-08"
"143","BURL","Burlington Stores","209.87","1.46","0.7","-4.56","13.3","814","168895","13541.5","97","81","81","A-","A","13","Retail-Apparel/Shoes/Acc","2013-10-02"
"144","URBN","Urban Outfitters","43.54","0.43","1","-7.93","2","1810","77076","4039.8","96","99","90","B+","B","13","Retail-Apparel/Shoes/Acc","1993-11-08"
"145","TJX","TJX Cos","97.78","-0.17","-0.2","-4.93","24.5","4777","466174","111431.8","95","93","75","B-","A","13","Retail-Apparel/Shoes/Acc","-"
"146","AEO","American Eagle Outfitters","24.31","0.19","0.8","-0.67","37.9","3894","93834","4801.2","96","81","95","B+","C","13","Retail-Apparel/Shoes/Acc","1994-04-13"
"147","FLEX","Flex Ltd","29.91","-0.06","-0.2","-0.32","-24.2","5693","175348","12597","98","93","95","A+","C","27","Elec-Contract Mfg","1994-03-18"
"148","CLS","Celestica","45.63","-1.52","-3.2","-4.14","19.5","2111","97454","5448.2","97","97","99","A+","B","27","Elec-Contract Mfg","1998-07-01"
"149","FN","Fabrinet","219.7","-2.22","-1","-4.07","-41.9","424","95137","7976.9","95","89","95","B","A","27","Elec-Contract Mfg","2010-06-25"
"150","JBL","Jabil","150.17","1.55","1","0.46","81.3","1214","182133","19153.4","93","93","93","B","C","27","Elec-Contract Mfg","1993-04-29"
"151","PLTR","Palantir Technologies","23.64","-0.41","-1.7","-8","-27.7","70221","1678141","52297.9","99","93","96","A-","A","46","Computer Sftwr-Enterprse","2020-09-30"
"152","NOW","ServiceNow","735.26","-40.83","-5.3","-9.82","75.3","1154","894521","150728.3","99","99","90","B","A","46","Computer Sftwr-Enterprse","2012-06-29"
"153","DDOG","Datadog","122.5","-8.17","-6.3","-11.62","45.7","4457","575601","40654.6","99","99","89","B","A","46","Computer Sftwr-Enterprse","2019-09-19"
"154","PCOR","Procore Technologies","74.73","-3.9","-5","-6.59","-12.3","1184","94017","10829.6","98","81","84","B+","C","46","Computer Sftwr-Enterprse","2021-05-20"
"155","MANH","Manhattan Associates","251.26","-4.13","-1.6","-2.95","22.7","347","89769","15469.1","97","96","90","B+","A","46","Computer Sftwr-Enterprse","1998-04-24"
"156","CRM","Salesforce","297.66","-16.99","-5.4","-6.61","64.6","5532","1711327","288130","96","97","93","A","A","46","Computer Sftwr-Enterprse","2004-06-23"
"157","NET","Cloudflare","95.62","-5.26","-5.2","-17.57","26.3","4244","424493","32287","96","81","93","A-","A","46","Computer Sftwr-Enterprse","2019-09-13"
"158","MNDY","monday.com","217","-13.15","-5.7","-9.29","-0.8","885","206467","10532.3","96","82","90","A-","A","46","Computer Sftwr-Enterprse","2021-06-10"
"159","PSN","Parsons","82.73","-0.11","-0.1","-1.73","-3.9","816","66338","8755.2","96","91","95","A+","B","46","Computer Sftwr-Enterprse","2019-05-08"
"160","FROG","JFrog","40.84","-2.8","-6.4","-16.33","20.7","1391","59961","4341.5","95","81","96","B+","B","46","Computer Sftwr-Enterprse","2020-09-16"
"161","WDAY","Workday","265.6","-7.42","-2.7","-14.67","261.7","1689","424136","69853.5","91","99","79","D-","A","46","Computer Sftwr-Enterprse","2012-10-12"
"162","INFA","Informatica","31.36","-0.69","-2.2","-12.89","-5.1","1124","35838","9129.7","94","97","95","B+","B","46","Computer Sftwr-Enterprse","2021-10-27"
"163","SAP","SAP ADR","187.06","-3.76","-2","-2.23","21.4","750","144546","218486.1","94","84","91","A-","A","46","Computer Sftwr-Enterprse","-"
"164","NTNX","Nutanix Cl A","63.09","-2.34","-3.6","-4.81","-3.1","2688","173252","15311.2","93","80","97","A","-","46","Computer Sftwr-Enterprse","2016-09-30"
"165","IOT","Samsara","32.65","-3.25","-9.1","-11.54","144","3116","110306","17637.4","92","81","88","B","C","46","Computer Sftwr-Enterprse","2021-12-15"
"166","WIX","Wix.com","135.66","-3.93","-2.8","-4.16","-28.1","632","89763","7754.2","86","81","94","B+","-","46","Computer Sftwr-Enterprse","2013-11-06"
"167","NVT","nVent Electric","68.25","-1.18","-1.7","-2.68","38.5","1185","81191","11266","99","93","91","B+","A","38","Electrical-Power/Equipmt","-"
"168","POWL","Powell Industries","165.85","-18.98","-10.3","-16.18","185.4","258","47113","1984.7","99","82","99","A+","A","38","Electrical-Power/Equipmt","1971-04-05"
"169","VRT","Vertiv Holdings","69.37","-2.32","-3.2","-5.62","-2.7","6453","455073","26497.3","98","97","99","C+","A","38","Electrical-Power/Equipmt","-"
"170","HUBB","Hubbell","378.93","-8.82","-2.3","-3.58","12.2","392","151412","20320.2","97","95","90","A","A","38","Electrical-Power/Equipmt","-"
"171","BWXT","BWX Technologies","105.03","0.65","0.6","-0.08","46.2","536","55676","9611.5","96","72","93","B+","A","38","Electrical-Power/Equipmt","-"
"172","AME","Ametek","178.68","-2.42","-1.3","-1.92","-30.9","967","174689","41277.2","95","90","80","A","A","38","Electrical-Power/Equipmt","-"
"173","RRX","Regal Rexnord","167.35","-4.6","-2.7","-3.58","-17.9","454","77497","11116.1","93","70","84","A","B","38","Electrical-Power/Equipmt","-"
"174","LLY","Eli Lilly","773.98","-18.3","-2.3","-3.35","-5.1","3224","2528641","735407.9","97","65","96","A-","A","54","Medical-Diversified","-"
"175","GSK","GSK ADR","42.56","0.12","0.3","-0.3","-24.2","3767","159396","86290.4","96","86","82","B+","A","54","Medical-Diversified","-"
"176","BLBD","Blue Bird","33.6","-0.12","-0.4","-3.72","33.5","562","19105","1081.9","99","81","95","A-","A","29","Transportation-Equip Mfg","-"
"177","GBX","Greenbrier","50.3","-1.11","-2.2","-5.73","21.1","309","15793","1563.8","95","79","93","A-","B","29","Transportation-Equip Mfg","1994-07-14"
"178","WAB","Wabtec","140.8","-1.27","-0.9","-1.71","-24.5","1032","148278","24925.5","95","89","88","B","B","29","Transportation-Equip Mfg","1995-06-15"
"179","RBA","RB Global","75.53","-0.66","-0.9","-3.15","-22.9","909","68921","13823.2","97","97","86","B+","A","42","Retail-Specialty","1998-03-10"
"180","ULTA","Ulta Beauty","548.05","1.51","0.3","-2.69","-0.2","558","305406","26613.6","92","79","80","B+","A","42","Retail-Specialty","2007-10-25"
"181","IR","Ingersoll Rand","89.93","-1.62","-1.8","-2.72","99.3","2514","230799","36278.9","98","93","92","A-","A","39","Machinery-Gen Industrial","2017-05-12"
"182","PH","Parker Hannifin","527.6","-7.91","-1.5","-3","-5","594","320127","67749.1","97","96","91","B","A","39","Machinery-Gen Industrial","-"
"183","BMI","Badger Meter","161.99","0.22","0.1","-5.19","4.4","184","30089","4754.7","94","96","71","C+","A","39","Machinery-Gen Industrial","-"
"184","GGG","Graco","90.94","-0.57","-0.6","-1.83","11.2","635","57745","15293.3","94","90","79","A-","A","39","Machinery-Gen Industrial","-"
"185","FTV","Fortive","83.89","-0.9","-1.1","-3.14","-38.9","1616","136664","29466.6","89","80","83","B","B","39","Machinery-Gen Industrial","-"
"186","FIX","Comfort Systems USA","313.49","-6.71","-2.1","-4.84","245.1","316","99422","11186.6","99","98","97","A+","A","34","Bldg-A/C & Heating Prds","1997-06-27"
"187","MOD","Modine Manufacturing","89.26","-2.38","-2.6","-7.02","41.6","905","81724","4660","98","95","99","A+","B","34","Bldg-A/C & Heating Prds","-"
"188","AAON","AAON","80.4","-2.1","-2.5","-9.44","126.8","391","32348","6559.1","97","96","89","C+","A","34","Bldg-A/C & Heating Prds","-"
"189","TT","Trane Technologies","283.44","-4.7","-1.6","-2.19","-12.9","1057","304755","64360.2","96","93","93","B+","A","34","Bldg-A/C & Heating Prds","-"
"190","GRMN","Garmin","139.67","0","0","-0.56","22.1","869","119669","26723.2","97","90","87","A-","A","35","Consumer Prod-Electronic","2000-12-08"
"191","COLL","Collegium Pharmaceutical","36.29","-0.74","-2","-3.97","-12.8","423","15771","1159.8","99","96","94","A-","A","44","Medical-Generic Drugs","2015-05-07"
"192","MAR","Marriott International","247.23","-0.19","-0.1","-1.96","-31.4","1414","351905","71569.4","90","76","87","B+","A","56","Leisure-Lodging","-"
"193","ANET","Arista Networks","278.74","-9.21","-3.2","-4.76","-15.1","2174","627162","87141.8","98","98","95","A-","A","50","Computer-Networking","2014-06-06"
"194","DUOL","Duolingo","208.4","-16.37","-7.3","-15.24","131.7","657","145223","8755.5","97","81","91","B","C","49","Computer Sftwr-Edu/Media","2021-07-28"
"195","SPOT","Spotify Technology","264.42","-5.59","-2.1","-2.63","23.9","1934","515511","51529.5","95","70","96","A","D","49","Computer Sftwr-Edu/Media","2018-04-03"
"196","HWM","Howmet Aerospace","67.8","0.01","0","-0.25","3.6","2956","201499","27818.5","99","87","92","A","A","40","Aerospace/Defense","-"
"197","ERJ","Embraer ADR","21.64","-0.09","-0.4","-1.01","23.3","1096","23529","3974.2","99","73","90","A","C","40","Aerospace/Defense","2000-07-21"
"198","FTAI","FTAI Aviation","57.92","-0.29","-0.5","-3.43","-56.6","746","43360","5806.2","98","82","96","B+","A","40","Aerospace/Defense","2015-05-15"
"199","HEIA","Heico Cl A","153.76","-3.44","-2.2","-5.2","-58.1","347","55868","21265.9","96","83","75","A-","A","40","Aerospace/Defense","-"
"200","HEI","Heico Corp","189.81","-4.35","-2.2","-5.4","-12.6","392","78960","26251.2","95","83","72","B","A","40","Aerospace/Defense","-"
"201","TDG","TransDigm Group","1159.24","-14.17","-1.2","-4","-15","214","248058","64460.7","93","91","91","B+","-","40","Aerospace/Defense","2006-03-15"
"202","TXT","Textron","89.06","-0.33","-0.4","-0.92","-24.6","1162","104622","17175.5","94","92","84","B+","B","40","Aerospace/Defense","-"
"203","WSM","Williams-Sonoma","239.81","2.16","0.9","-0.72","40.8","811","191237","15382.4","90","81","95","B+","B","47","Retail-Home Furnishings","1983-07-07"
"204","BRKR","Bruker Corp","90.18","0.13","0.1","-0.57","20","845","76101","12481.9","97","84","89","A+","A","48","Medical-Systems/Equip","2000-08-04"
"205","ISRG","Intuitive Surgical","387.25","-13.35","-3.3","-3.91","0","1649","663457","136436.1","95","92","91","B","A","48","Medical-Systems/Equip","2000-06-13"
"206","IDXX","IDEXX Laboratories","558.12","-13.17","-2.3","-4.33","7.8","423","242451","46373.2","90","95","75","B","A","48","Medical-Systems/Equip","1991-06-20"
"207","IBN","ICICI Bank ADR","26.25","-0.15","-0.6","-1.24","100.9","6332","164730","91037.4","96","99","74","B","A","51","Banks-Foreign","2000-03-28"
"208","BLX","Banco Latinamer","27.62","0.35","1.3","-2.56","34","129","3575","1008.8","97","94","85","B+","A","51","Banks-Foreign","1992-09-23"
"209","CDNS","Cadence Design Systems","305.22","-12.09","-3.8","-4.85","20.3","1509","477297","83092.8","98","98","90","B+","A","66","Computer Sftwr-Design","1987-06-10"
"210","SNPS","Synopsys","561.89","-32.43","-5.5","-10.72","-38.7","1432","848332","85712.4","97","99","88","B-","A","66","Computer Sftwr-Design","1992-02-25"
"211","ADSK","Autodesk","247.44","-13.26","-5.1","-11.48","55.6","1242","321703","52931.1","92","95","83","B-","A","66","Computer Sftwr-Design","1985-06-28"
"212","PTC","PTC","178","-9.22","-4.9","-5.7","1.9","881","165315","21280.3","92","89","88","C","A","66","Computer Sftwr-Design","1989-12-08"
"213","ALTR","Altair Engineering Cl A","81.31","-4.48","-5.2","-12.49","-15.9","461","39514","6640","89","98","84","C","A","66","Computer Sftwr-Design","2017-11-01"
"214","SFM","Sprouts Farmers Market","63.2","-0.38","-0.6","-3.56","0.2","1271","80390","6418.6","94","92","96","A","A","57","Retail-Super/Mini Mkts","2013-08-01"
"215","RYAN","Ryan Specialty Holdings","53.45","0.36","0.7","-0.87","40.2","655","34811","13910.4","99","98","82","A","A","68","Insurance-Brokers","2021-07-22"
"216","BRP","BRP Group Cl A","29.52","-0.24","-0.8","-1.17","74.7","419","12240","3446.4","98","97","91","A-","A","68","Insurance-Brokers","2019-10-24"
"217","ERIE","Erie Indemnity Cl A","409.21","-2.96","-0.7","-1.97","-15.2","115","47563","18901.6","96","92","95","B-","A","68","Insurance-Brokers","-"
"218","BRO","Brown & Brown","83.94","-0.01","0","-1.1","-47.8","1390","118226","23889.1","94","96","85","B-","A","68","Insurance-Brokers","-"
"219","WTW","Willis Towers Watson","271.12","-0.98","-0.4","-2.78","0.1","435","117815","27995.3","90","86","80","A","A","68","Insurance-Brokers","2001-06-12"
"220","MEDP","Medpace Holdings","403.94","1.59","0.4","-1.18","15.5","241","95799","12424.6","98","95","96","A-","A","52","Medical-Research Eqp/Svc","2016-08-11"
"221","ICLR","Icon PLC","334.74","3.48","1.1","0.54","-6","575","188917","27557.8","95","92","90","B","B","52","Medical-Research Eqp/Svc","1998-05-18"
"222","BAH","Booz Allen Hamilton Hldg","148.42","-0.63","-0.4","-1.44","-25.5","663","99028","19256.8","93","91","89","B+","A","53","Comml Svcs-Consulting","2010-11-17"
"223","LDOS","Leidos Holdings","128.54","-0.98","-0.8","-0.92","-21.8","803","105040","17453","93","90","90","A+","B","53","Comml Svcs-Consulting","2006-10-13"
"224","TTD","Trade Desk Cl A","81.11","-2.35","-2.8","-13.72","-53.2","5391","449703","39655.2","95","95","83","B","A","62","Comml Svcs-Advertising","2016-09-21"
"225","IBKR","Interactive Brokers","109.75","-1.31","-1.2","-2.44","-28.8","1259","140813","11744.9","97","96","90","A+","A","70","Finance-Invest Bnk/Bkrs","2007-05-04"
"226","HOOD","Robinhood Markets","15.71","-0.92","-5.5","-8.77","26.4","14793","250818","13585.7","94","71","96","A+","C","70","Finance-Invest Bnk/Bkrs","2021-07-29"
"227","LPLA","LPL Financial Holdings","263.67","-4.03","-1.5","-2.74","-11.8","571","154757","19635.6","89","84","81","B+","B","70","Finance-Invest Bnk/Bkrs","2010-11-18"
"228","AMP","Ameriprise Financial","411.22","-1.16","-0.3","-0.83","4.7","456","188416","41241.3","89","85","83","B-","A","70","Finance-Invest Bnk/Bkrs","-"
"229","VITL","Vital Farms","18.61","0.28","1.5","0.59","97.3","244","4472","772.8","96","81","90","A","C","110","Food-Meat Products","2020-07-31"
"230","CP","Cdn Pacific Kansas City","86.32","0.08","0.1","-0.69","-45.5","2256","196316","80432.1","90","68","71","B+","A","60","Transportation-Rail","-"
"231","THC","Tenet Healthcare","95.53","1.83","2","-0.15","61.5","1027","95442","9552.5","91","92","90","A-","B","65","Medical-Hospitals","-"
"232","PWR","Quanta Services","239.49","-3.85","-1.6","-2.41","11.1","974","240663","34905.2","98","97","89","A","A","63","Bldg-Heavy Construction","1998-02-12"
"233","GVA","Granite Construction","51.08","-0.94","-1.8","-3.73","-20.6","362","18940","2246.1","96","97","82","B-","B","63","Bldg-Heavy Construction","1990-04-19"
"234","STRL","Sterling Infrastructure","108.33","-3.01","-2.7","-6.9","-10","416","46161","3350.2","95","99","97","B+","A","63","Bldg-Heavy Construction","-"
"235","ROAD","Construction Ptrs Cl A","49.66","0.16","0.3","-2.05","-25.2","311","15577","2623.4","96","82","93","B","B","63","Bldg-Heavy Construction","2018-05-04"
"236","JPM","JPMorgan Chase","187.84","1.16","0.6","0.13","-22.2","8970","1686933","541048.9","94","94","87","B","A","73","Banks-Money Center","-"
"237","HESM","Hess Midstream","35.16","0.49","1.4","0.74","-27.6","893","31026","8075.2","91","89","74","C+","A","69","Oil&Gas-Transprt/Pipelne","2017-04-05"
"238","DKS","Dick's Sporting Goods","181.9","2.18","1.2","0.33","-4.8","981","178228","14869.2","92","85","91","A-","B","59","Retail-Leisure Products","2002-10-16"
"239","RSG","Republic Services","182.92","-2.02","-1.1","-5.01","-17.1","1162","217563","57553.2","93","95","86","B-","A","72","Pollution Control","1998-07-02"
"240","WCN","Waste Connections","167","1","0.6","-2.62","-19.2","982","161235","43032.4","91","91","82","B-","A","72","Pollution Control","-"
"241","WM","Waste Management","206.11","-0.7","-0.3","-1.75","-38.8","1654","339979","82769.3","90","88","87","B-","A","72","Pollution Control","1988-06-02"
"242","KKR","KKR","96.67","-1.95","-2","-5.04","-23.9","3651","351698","85553.7","97","82","95","A-","A","76","Finance-Investment Mgmt","2010-07-15"
"243","APO","Apollo Global Management","109.63","-1.74","-1.6","-4.7","-13.1","2459","271273","62218.2","97","95","92","A-","A","76","Finance-Investment Mgmt","2011-03-30"
"244","ARES","Ares Management","135.16","-0.73","-0.5","-3.1","25.8","899","122101","41372.3","97","97","92","B","A","76","Finance-Investment Mgmt","2014-05-02"
"245","OWL","Blue Owl Capital","17.95","-0.16","-0.9","-2.1","8.1","4700","84058","25639.9","97","66","94","A","A","76","Finance-Investment Mgmt","-"
"246","MARA","Marathon Digital","22.41","-3.3","-12.9","-34.27","11.4","93559","2391243","5996.7","95","81","99","A-","A","76","Finance-Investment Mgmt","-"
"247","PSBD","Palmer Square Capital BDC","16.3","0.08","0.5","-4.79","-89.4","172","2875","530.6","80","94","36","-","A","76","Finance-Investment Mgmt","2024-01-18"
"248","COOP","Mr. Cooper Group","72.19","0.96","1.3","-4.96","4.1","470","33485","4663.6","92","96","89","B","C","85","Finance-Consumer Loans","-"
"249","SLM","SLM Corp","20.92","-0.1","-0.5","-1.32","-35.5","2206","46500","4609.7","91","78","91","B+","A","85","Finance-Consumer Loans","-"
"250","TW","Tradeweb Markets","104.48","-1.21","-1.1","-3.3","-33.4","985","103893","24631.2","98","97","88","B","A","89","Financial Svcs-Specialty","2019-04-04"
"251","ICE","Intercontinental Exchange","139.04","0.97","0.7","-0.68","24.1","2329","321468","79616.5","89","85","85","B+","A","89","Financial Svcs-Specialty","2005-11-16"
"252","VVV","Valvoline","43.91","-0.23","-0.5","-0.68","193.2","1232","54570","5692.9","94","83","84","A+","A","104","Retail/Whlsle-Auto Parts","2016-09-23"
"253","CPRT","Copart","53.74","-0.37","-0.7","-1.13","43.3","4334","233982","51622","90","95","84","B","A","104","Retail/Whlsle-Auto Parts","1994-03-16"
"254","TM","Toyota Motor ADR","247.7","3.86","1.6","0.47","-2.1","316","76785","404120.8","97","95","94","A","B","90","Auto Manufacturers","-"
"255","LI","Li Auto ADR","37.96","0.36","0.9","-19.81","-1.3","8351","303529","37446.3","91","82","75","B-","A","90","Auto Manufacturers","2020-07-30"
"256","RACE","Ferrari","410.7","-2.87","-0.7","-4.51","-41.1","363","150332","74206.5","95","95","90","B-","A","90","Auto Manufacturers","2015-10-21"
"257","MORN","Morningstar","302.87","-0.38","-0.1","-0.54","40.9","123","37966","12927.1","94","88","87","B+","A","92","Comml Svcs-Market Rsrch","2005-05-03"
"258","RELX","RELX ADR","43.58","0.09","0.2","-2.61","8","966","42137","82762.8","92","85","88","A","A","92","Comml Svcs-Market Rsrch","-"
"259","CELH","Celsius Holdings","85.88","-0.96","-1.1","-1.57","39.3","5165","434781","19896.2","98","81","97","A-","A","80","Beverages-Non-Alcoholic","-"
"260","AMZN","Amazon.com","173.54","-4.04","-2.3","-3.66","-25.2","46161","8217852","1802626.1","95","82","92","A","A","112","Retail-Internet","1997-05-15"
"261","CPNG","Coupang","18.71","-0.15","-0.8","-6.43","30.4","10218","189480","33544","91","57","81","A","B","112","Retail-Internet","2021-03-11"
"262","ZKH","ZKH Group ADR","18.46","-0.54","-2.8","-15.76","12.3","55","1092","2976","61","51","84","B-","E","112","Retail-Internet","2023-12-15"
"263","NVO","Novo Nordisk ADR","124.28","-3.67","-2.9","-3.49","6.4","4681","590502","556232.4","99","98","93","A-","A","74","Medical-Ethical Drugs","-"
"264","APP","AppLovin","60.46","-1.41","-2.3","-4.77","0.4","3898","240315","20302.5","99","81","98","A+","A","101","Comp Sftwr-Spec Enterprs","2021-04-15"
"265","APPF","AppFolio","228.55","-10.2","-4.3","-7.14","1.3","260","61645","8197.4","98","82","92","B+","A","101","Comp Sftwr-Spec Enterprs","2015-06-26"
"266","HUBS","HubSpot","596.59","-32.12","-5.1","-9.61","15.3","424","266887","30231.6","94","99","88","B-","A","101","Comp Sftwr-Spec Enterprs","2014-10-09"
"267","PCAR","Paccar","114.55","2.26","2","0.29","21.1","2123","239121","59918.2","94","95","91","A-","A","98","Trucks & Parts-Hvy Duty","-"
"268","ELF","e.l.f. Beauty","199.9","-9.06","-4.3","-9.89","133.8","1478","305624","11095.6","98","98","97","A-","A","91","Cosmetics/Personal Care","2016-09-22"
"269","CAMT","Camtek","79.54","-4.66","-5.5","-11.28","-7.5","458","38066","3568.5","93","93","98","B","B","83","Elec-Scientific/Msrng","2000-07-28"
"270","MMYT","MakeMyTrip","58.71","-0.92","-1.5","-7.96","81.5","679","39910","6535.3","96","81","96","A+","B","132","Leisure-Travel Booking","2010-08-12"
"271","TRIP","Tripadvisor","26.62","-0.42","-1.5","-5.62","-7.6","2814","78535","3670.2","93","78","95","A","A","132","Leisure-Travel Booking","-"
"272","ABNB","Airbnb","158.97","0.88","0.6","-2.48","-6.4","5012","794655","102863.8","90","77","84","B+","A","132","Leisure-Travel Booking","2020-12-10"
"273","TCOM","Trip.com Group ADR","42.17","-0.41","-1","-11.12","-3.8","3997","167603","27322.3","87","83","81","B-","A","132","Leisure-Travel Booking","2003-12-09"
"274","SAIA","Saia","605.49","21.48","3.7","1.65","126.3","281","164632","16073.9","97","93","95","B+","B","87","Transportation-Truck","-"
"275","UBER","Uber Technologies","78.64","-2.67","-3.3","-4.27","-8.5","22346","1834372","163285.3","99","81","97","A+","B","95","Leisure-Services","2019-05-10"
"276","RCL","Royal Caribbean Group","125.92","0.62","0.5","-5.87","-28.6","2689","339613","32317.4","96","82","90","B+","A","95","Leisure-Services","1993-04-27"
"277","POST","Post Holdings","103.37","-0.4","-0.4","-3.4","-60.5","729","76398","6272.3","91","78","80","B+","B","106","Food-Packaged","-"
"278","FRPT","Freshpet","112.05","-0.44","-0.4","-1.98","-35.5","667","74468","5411.1","92","72","96","A+","C","106","Food-Packaged","2014-11-07"
"279","HQY","HealthEquity","81.14","-1.25","-1.5","-3.56","-20.1","616","51504","6961.5","92","89","86","B-","B","100","Comml Svcs-Outsourcing","2014-07-31"
"280","LNW","Light & Wonder","99.22","-1.49","-1.5","-3.71","10.6","548","55581","8912.8","95","83","91","A+","A","126","Leisure-Gaming/Equip","1984-08-23"
"281","BSX","Boston Scientific","66.99","-0.45","-0.7","-0.69","-13.6","6578","440972","98273.4","93","88","88","B-","A","67","Medical-Products","1992-05-18"
"282","ITGR","Integer Holdings","112.06","-1.13","-1","-1.35","4.3","271","30346","3743.3","93","83","91","A","B","67","Medical-Products","2000-09-29"
"283","LMAT","LeMaitre Vascular","67.71","-0.21","-0.3","-9.28","149.8","110","7423","1507.4","92","94","83","C","A","67","Medical-Products","2006-10-19"
"284","CAT","Caterpillar","332.33","-6.32","-1.9","-2.33","-36.8","2596","893494","165958","90","94","90","B","A","116","Machinery-Constr/Mining","-"
"285","AROC","Archrock","18.33","-0.03","-0.1","-5.6","14.3","1210","22371","3036.9","97","81","94","A","B","128","Oil&Gas-Machinery/Equip","2000-05-24"
"286","FTI","TechnipFMC","21.78","0.1","0.4","-5.2","21","4520","95834","9425.2","93","81","84","B","B","128","Oil&Gas-Machinery/Equip","2001-06-14"
"287","WFRD","Weatherford Intl","106.27","0.76","0.7","-4.16","-34.2","907","96035","7684.7","92","81","90","B+","A","128","Oil&Gas-Machinery/Equip","1972-12-14"
"288","CIEN","Ciena","61.08","-1.4","-2.2","-3.42","46","1806","110439","8846.2","93","91","89","A+","A","107","Telecom-Fiber Optics","1997-02-07"
"289","NXPI","NXP Semiconductors","247.69","-6.61","-2.6","-4.55","-11.2","2252","568004","63522.3","92","98","89","A-","A","114","Elec-Semiconductor Mfg","2010-08-06"
"290","TSM","Taiwan Semiconductor ADR","133.94","-4.32","-3.1","-5.67","4.1","13438","1808150","694593.2","91","75","93","A+","B","114","Elec-Semiconductor Mfg","-"
"291","MSFT","Microsoft","401.4","-13.52","-3.3","-4.61","23.6","22597","9401132","2982577","94","97","87","B","A","146","Computer Sftwr-Desktop","1986-03-17"
"292","FOR","Forestar Group","34.11","-0.14","-0.4","-11.93","-17.7","178","6168","1702.5","94","97","94","B","A","141","Real Estate Dvlpmt/Ops","-"
"293","TBBK","The Bancorp","40.3","-1.79","-4.3","-14.46","296.6","424","17652","2162.3","87","99","74","D","A","143","Banks-Northeast","2004-02-03"
"294","GE","General Electric","157.25","-3.76","-2.3","-2.79","21.5","5126","819122","171140.5","95","74","94","A+","B","153","Diversified Operations","-"
"295","ETN","Eaton Corp. PLC","289.75","-6.83","-2.3","-2.81","71.2","1589","466016","115697.2","95","93","93","A-","A","153","Diversified Operations","-"
"296","EMR","Emerson Electric","109.22","-0.29","-0.3","-0.56","32.7","2810","303737","62441.1","92","92","84","A-","A","153","Diversified Operations","-"
"297","TDW","Tidewater","81.38","-0.62","-0.8","-4.87","57.8","752","60197","4299.9","98","82","93","A-","A","152","Oil&Gas-Field Services","-"
"298","ALV","Autoliv","117.32","-0.06","-0.1","-0.73","-0.7","542","63314","9872.2","90","86","82","A","A","158","Auto/Truck-Original Eqp","-"
"299","AS","Amer Sports","16.46","-0.88","-5.1","-9.71","116.6","2789","48571","8191.8","43","4","93","-","-","183","Leisure-Products","2024-02-01"
"300","NXT","Nextracker","57","0.24","0.4","-7.72","-52.8","4567","261845","7782.9","99","97","93","C+","A","190","Energy-Solar","2023-02-09"
